,Country,Year,Export_Volume
0,Angola,1990,84.35
1,Bolivia (Plurinational State of),1990,156.442
2,Brazil,1990,16935.7876003
3,Burundi,1990,584.773
4,Cameroon,1990,2611.2590004
5,Central African Republic,1990,196.698
6,Colombia,1990,13943.8700004
7,Congo,1990,1.68
8,Costa Rica,1990,2265.644
9,Côte d'Ivoire,1990,4282.8659998
10,Cuba,1990,181.7789999
11,Democratic Republic of Congo,1990,1838.636
12,Dominican Republic,1990,535.207
13,Ecuador,1990,1783.7159997
14,El Salvador,1990,2509.873
15,Equatorial Guinea,1990,7.068
16,Ethiopia,1990,1074.101
17,Gabon,1990,2.314
18,Ghana,1990,10.865
19,Guatemala,1990,3240.141
20,Guinea,1990,121.696
21,Guyana,1990,0.1999992
22,Haiti,1990,191.445
23,Honduras,1990,1735.093
24,India,1990,1979.1479994
25,Indonesia,1990,6903.2269994
26,Jamaica,1990,14.9839996
27,Kenya,1990,1969.338
28,Lao People's Democratic Republic,1990,98.3329992
29,Liberia,1990,22.411
30,Madagascar,1990,863.0399999
31,Malawi,1990,124.154
32,Mexico,1990,3683.1040021
33,Nepal,1990,0.0
34,Nicaragua,1990,671.1839999
35,Nigeria,1990,3.582
36,Panama,1990,131.654
37,Papua New Guinea,1990,1050.719
38,Paraguay,1990,262.5019999
39,Peru,1990,1105.078
40,Philippines,1990,168.282001
41,Rwanda,1990,779.15
42,Sierra Leone,1990,139.744
43,Sri Lanka,1990,19.137
44,Tanzania,1990,1019.0519998
45,Thailand,1990,1001.4349995
46,Timor-Leste,1990,0.0
47,Togo,1990,238.838
48,Trinidad & Tobago,1990,30.2319997
49,Uganda,1990,2352.68
50,Venezuela,1990,277.795
51,Viet Nam,1990,1145.2340014
52,Yemen,1990,50.0000002
53,Zambia,1990,24.36
54,Zimbabwe,1990,250.772
55,Angola,1991,70.501
56,Bolivia (Plurinational State of),1991,73.523
57,Brazil,1991,21182.7614023
58,Burundi,1991,687.851
59,Cameroon,1991,1752.1790001
60,Central African Republic,1991,140.95
61,Colombia,1991,12599.1849983
62,Congo,1991,0.924
63,Costa Rica,1991,2399.6400001
64,Côte d'Ivoire,1991,3804.734001
65,Cuba,1991,121.429
66,Democratic Republic of Congo,1991,1417.957
67,Dominican Republic,1991,476.2630001
68,Ecuador,1991,1416.3839994
69,El Salvador,1991,2148.2100002
70,Equatorial Guinea,1991,3.321
71,Ethiopia,1991,841.329
72,Gabon,1991,3.338
73,Ghana,1991,15.702
74,Guatemala,1991,2831.9850001
75,Guinea,1991,61.447
76,Guyana,1991,0.4219976
77,Haiti,1991,150.673
78,Honduras,1991,1444.363
79,India,1991,1727.3589994
80,Indonesia,1991,6170.7960001
81,Jamaica,1991,16.7049999
82,Kenya,1991,1557.532
83,Lao People's Democratic Republic,1991,98.3329992
84,Liberia,1991,0.0
85,Madagascar,1991,587.658
86,Malawi,1991,99.535
87,Mexico,1991,3530.8200019
88,Nepal,1991,0.0
89,Nicaragua,1991,392.0529999
90,Nigeria,1991,0.922
91,Panama,1991,124.2
92,Papua New Guinea,1991,788.3529999
93,Paraguay,1991,120.0840001
94,Peru,1991,1041.8670001
95,Philippines,1991,103.0250002
96,Rwanda,1991,473.98
97,Sierra Leone,1991,103.821
98,Sri Lanka,1991,22.168
99,Tanzania,1991,871.3299987
100,Thailand,1991,540.937
101,Timor-Leste,1991,0.0
102,Togo,1991,154.834
103,Trinidad & Tobago,1991,7.6719977
104,Uganda,1991,2095.093
105,Venezuela,1991,127.889
106,Viet Nam,1991,1200.952
107,Yemen,1991,71.6669969
108,Zambia,1991,29.198
109,Zimbabwe,1991,239.324
110,Angola,1992,80.25
111,Bolivia (Plurinational State of),1992,96.2040001
112,Brazil,1992,18790.7192021
113,Burundi,1992,645.858
114,Cameroon,1992,1645.851
115,Central African Republic,1992,99.975
116,Colombia,1992,16564.3700008
117,Congo,1992,0.336
118,Costa Rica,1992,2431.3400009
119,Côte d'Ivoire,1992,4546.3679999
120,Cuba,1992,162.71
121,Democratic Republic of Congo,1992,954.229
122,Dominican Republic,1992,369.4670007
123,Ecuador,1992,1273.4350006
124,El Salvador,1992,2120.0920003
125,Equatorial Guinea,1992,2.766
126,Ethiopia,1992,734.461
127,Gabon,1992,1.007
128,Ghana,1992,32.245
129,Guatemala,1992,3327.9880003
130,Guinea,1992,57.52
131,Guyana,1992,0.538998
132,Haiti,1992,165.976
133,Honduras,1992,1960.071
134,India,1992,1816.3410004
135,Indonesia,1992,4603.6959999
136,Jamaica,1992,22.4269995
137,Kenya,1992,1384.291
138,Lao People's Democratic Republic,1992,101.85
139,Liberia,1992,0.0
140,Madagascar,1992,736.406
141,Malawi,1992,128.022
142,Mexico,1992,3332.0409999
143,Nepal,1992,0.0
144,Nicaragua,1992,635.946
145,Nigeria,1992,11.391
146,Panama,1992,125.4040001
147,Papua New Guinea,1992,917.1739996
148,Paraguay,1992,40.3690006
149,Peru,1992,1061.043
150,Philippines,1992,41.3159998
151,Rwanda,1992,644.525
152,Sierra Leone,1992,47.02
153,Sri Lanka,1992,14.724
154,Tanzania,1992,827.7859996
155,Thailand,1992,1163.7760006
156,Timor-Leste,1992,0.0
157,Togo,1992,313.177
158,Trinidad & Tobago,1992,2.451
159,Uganda,1992,1961.034
160,Venezuela,1992,135.818001
161,Viet Nam,1992,1937.611
162,Yemen,1992,36.9890016
163,Zambia,1992,30.514
164,Zimbabwe,1992,162.318
165,Angola,1993,38.878
166,Bolivia (Plurinational State of),1993,47.319
167,Brazil,1993,17837.7479992
168,Burundi,1993,417.609
169,Cameroon,1993,704.53
170,Central African Republic,1993,137.197
171,Colombia,1993,13568.3620035
172,Congo,1993,0.504
173,Costa Rica,1993,2363.9200001
174,Côte d'Ivoire,1993,4033.1070005
175,Cuba,1993,116.195
176,Democratic Republic of Congo,1993,919.506
177,Dominican Republic,1993,331.4320003
178,Ecuador,1993,1598.6660008
179,El Salvador,1993,2947.0709997
180,Equatorial Guinea,1993,2.463
181,Ethiopia,1993,1166.778
182,Gabon,1993,2.178
183,Ghana,1993,47.482
184,Guatemala,1993,3750.6870001
185,Guinea,1993,15.469
186,Guyana,1993,0.0529992
187,Haiti,1993,158.542
188,Honduras,1993,1705.317
189,India,1993,2101.5930003
190,Indonesia,1993,5662.0940006
191,Jamaica,1993,24.3539995
192,Kenya,1993,1438.7990001
193,Lao People's Democratic Republic,1993,141.6669996
194,Liberia,1993,0.0
195,Madagascar,1993,627.783
196,Malawi,1993,103.574
197,Mexico,1993,3263.6160007
198,Nepal,1993,0.0083167
199,Nicaragua,1993,476.4660004
200,Nigeria,1993,10.304
201,Panama,1993,129.286
202,Papua New Guinea,1993,1054.6339997
203,Paraguay,1993,58.4419998
204,Peru,1993,775.0
205,Philippines,1993,34.7579998
206,Rwanda,1993,480.725
207,Sierra Leone,1993,40.986
208,Sri Lanka,1993,14.464
209,Tanzania,1993,1037.2959986
210,Thailand,1993,981.7820003
211,Timor-Leste,1993,0.0
212,Togo,1993,218.284
213,Trinidad & Tobago,1993,9.7439996
214,Uganda,1993,1829.081
215,Venezuela,1993,525.0020004
216,Viet Nam,1993,2071.8369999
217,Yemen,1993,50.8530024
218,Zambia,1993,23.072
219,Zimbabwe,1993,69.828
220,Angola,1994,8.302
221,Bolivia (Plurinational State of),1994,84.3210002
222,Brazil,1994,17273.1476003
223,Burundi,1994,507.803
224,Cameroon,1994,545.889
225,Central African Republic,1994,136.676
226,Colombia,1994,11768.0890004
227,Congo,1994,1.017
228,Costa Rica,1994,2104.9679999
229,Côte d'Ivoire,1994,2443.9930001
230,Cuba,1994,135.7250001
231,Democratic Republic of Congo,1994,761.01
232,Dominican Republic,1994,332.3130004
233,Ecuador,1994,2145.2509996
234,El Salvador,1994,2092.9550001
235,Equatorial Guinea,1994,0.849
236,Ethiopia,1994,1475.325
237,Gabon,1994,5.039
238,Ghana,1994,10.815
239,Guatemala,1994,3274.0689998
240,Guinea,1994,50.4670001
241,Guyana,1994,0.4029972
242,Haiti,1994,103.468
243,Honduras,1994,1718.185
244,India,1994,2496.0849996
245,Indonesia,1994,4604.6299989
246,Jamaica,1994,15.8269995
247,Kenya,1994,1358.411
248,Lao People's Democratic Republic,1994,153.0
249,Liberia,1994,0.0
250,Madagascar,1994,435.621
251,Malawi,1994,78.469
252,Mexico,1994,2789.0460003
253,Nepal,1994,0.0
254,Nicaragua,1994,623.5139996
255,Nigeria,1994,7.873
256,Panama,1994,76.486
257,Papua New Guinea,1994,1156.8369996
258,Paraguay,1994,48.36284
259,Peru,1994,1057.017
260,Philippines,1994,125.6699992
261,Rwanda,1994,30.024
262,Sierra Leone,1994,61.924
263,Sri Lanka,1994,47.359
264,Tanzania,1994,632.137999
265,Thailand,1994,1136.0460002
266,Timor-Leste,1994,0.0
267,Togo,1994,165.795
268,Trinidad & Tobago,1994,5.3999985
269,Uganda,1994,3368.765
270,Venezuela,1994,385.9960001
271,Viet Nam,1994,2720.911
272,Yemen,1994,92.840004
273,Zambia,1994,23.954
274,Zimbabwe,1994,31.744
275,Angola,1995,40.559
276,Bolivia (Plurinational State of),1995,93.9580001
277,Brazil,1995,14468.4322014
278,Burundi,1995,528.202
279,Cameroon,1995,407.269
280,Central African Republic,1995,231.542
281,Colombia,1995,9814.1969996
282,Congo,1995,19.149
283,Costa Rica,1995,2067.0109998
284,Côte d'Ivoire,1995,2493.9459999
285,Cuba,1995,122.287
286,Democratic Republic of Congo,1995,1051.39
287,Dominican Republic,1995,451.0180003
288,Ecuador,1995,1539.9739994
289,El Salvador,1995,1807.4980001
290,Equatorial Guinea,1995,3.385
291,Ethiopia,1995,1276.118
292,Gabon,1995,2.946
293,Ghana,1995,38.152
294,Guatemala,1995,3700.8720009
295,Guinea,1995,151.5520001
296,Guyana,1995,0.0259992
297,Haiti,1995,151.788
298,Honduras,1995,1795.963
299,India,1995,2467.2570006
300,Indonesia,1995,3946.5850006
301,Jamaica,1995,26.3230003
302,Kenya,1995,1450.0460001
303,Lao People's Democratic Republic,1995,165.2329992
304,Liberia,1995,0.0
305,Madagascar,1995,585.1879998
306,Malawi,1995,91.633
307,Mexico,1995,3626.4919986
308,Nepal,1995,0.25
309,Nicaragua,1995,681.1789992
310,Nigeria,1995,15.191
311,Panama,1995,180.533
312,Papua New Guinea,1995,1002.0520002
313,Paraguay,1995,20.59553
314,Peru,1995,1760.467
315,Philippines,1995,57.3240006
316,Rwanda,1995,313.899
317,Sierra Leone,1995,71.475
318,Sri Lanka,1995,21.896
319,Tanzania,1995,744.6529993
320,Thailand,1995,1209.5229999
321,Timor-Leste,1995,0.0
322,Togo,1995,200.316
323,Trinidad & Tobago,1995,4.0599984
324,Uganda,1995,3079.261
325,Venezuela,1995,96.7520001
326,Viet Nam,1995,3546.405
327,Yemen,1995,76.8740028
328,Zambia,1995,20.742
329,Zimbabwe,1995,156.975
330,Angola,1996,51.831
331,Bolivia (Plurinational State of),1996,123.4450001
332,Brazil,1996,15250.6090018
333,Burundi,1996,224.076
334,Cameroon,1996,563.549
335,Central African Republic,1996,98.328
336,Colombia,1996,10588.4309984
337,Congo,1996,12.634
338,Costa Rica,1996,2430.1340004
339,Côte d'Ivoire,1996,2750.6029989
340,Cuba,1996,112.1710001
341,Democratic Republic of Congo,1996,881.561
342,Dominican Republic,1996,452.7040004
343,Ecuador,1996,1539.4110001
344,El Salvador,1996,2314.1469997
345,Equatorial Guinea,1996,1.659
346,Ethiopia,1996,1838.231
347,Gabon,1996,1.681
348,Ghana,1996,4.359
349,Guatemala,1996,3978.998
350,Guinea,1996,32.43
351,Guyana,1996,0.3375579
352,Haiti,1996,156.468
353,Honduras,1996,2059.76
354,India,1996,3103.1759998
355,Indonesia,1996,6440.28
356,Jamaica,1996,27.2850003
357,Kenya,1996,1901.584
358,Lao People's Democratic Republic,1996,144.1669992
359,Liberia,1996,0.0
360,Madagascar,1996,718.0490001
361,Malawi,1996,60.151
362,Mexico,1996,4633.4970009
363,Nepal,1996,0.0833333
364,Nicaragua,1996,822.3559998
365,Nigeria,1996,6.9240001
366,Panama,1996,138.598
367,Papua New Guinea,1996,1090.0759997
368,Paraguay,1996,15.9135658
369,Peru,1996,1679.374
370,Philippines,1996,27.0319997
371,Rwanda,1996,265.306
372,Sierra Leone,1996,28.512
373,Sri Lanka,1996,11.536
374,Tanzania,1996,969.6369995
375,Thailand,1996,872.6859998
376,Timor-Leste,1996,0.0
377,Togo,1996,85.49
378,Trinidad & Tobago,1996,3.7569977
379,Uganda,1996,4654.503
380,Venezuela,1996,494.5670001
381,Viet Nam,1996,3779.415
382,Yemen,1996,42.007002
383,Zambia,1996,35.824
384,Zimbabwe,1996,150.362
385,Angola,1997,50.494
386,Bolivia (Plurinational State of),1997,110.9550001
387,Brazil,1997,16801.2600051
388,Burundi,1997,528.764
389,Cameroon,1997,1368.03
390,Central African Republic,1997,202.778
391,Colombia,1997,10918.8630016
392,Congo,1997,2.67
393,Costa Rica,1997,2099.2390003
394,Côte d'Ivoire,1997,4712.9820006
395,Cuba,1997,106.6630001
396,Democratic Republic of Congo,1997,544.253
397,Dominican Republic,1997,306.9770001
398,Ecuador,1997,1044.9809993
399,El Salvador,1997,2772.1260003
400,Equatorial Guinea,1997,1.12
401,Ethiopia,1997,1979.733
402,Gabon,1997,0.0
403,Ghana,1997,29.669
404,Guatemala,1997,4243.8820002
405,Guinea,1997,114.344
406,Guyana,1997,0.3232662
407,Haiti,1997,100.776
408,Honduras,1997,1722.482
409,India,1997,2640.1110013
410,Indonesia,1997,5755.0779999
411,Jamaica,1997,29.6820001
412,Kenya,1997,1159.095
413,Lao People's Democratic Republic,1997,110.0829996
414,Liberia,1997,0.0
415,Madagascar,1997,480.233
416,Malawi,1997,60.17
417,Mexico,1997,4502.4240011
418,Nepal,1997,0.0666667
419,Nicaragua,1997,714.0030004
420,Nigeria,1997,6.905
421,Panama,1997,124.107
422,Papua New Guinea,1997,1043.4369999
423,Paraguay,1997,35.25945
424,Peru,1997,1647.733
425,Philippines,1997,30.9289995
426,Rwanda,1997,217.949
427,Sierra Leone,1997,46.9430001
428,Sri Lanka,1997,21.136
429,Tanzania,1997,655.1669989
430,Thailand,1997,1066.2299995
431,Timor-Leste,1997,0.0
432,Togo,1997,313.137
433,Trinidad & Tobago,1997,3.9519988
434,Uganda,1997,3501.942
435,Venezuela,1997,104.5369998
436,Viet Nam,1997,6177.8340002
437,Yemen,1997,79.7890032
438,Zambia,1997,38.89
439,Zimbabwe,1997,109.008
440,Angola,1998,53.929
441,Bolivia (Plurinational State of),1998,97.0389999
442,Brazil,1998,18144.3883339
443,Burundi,1998,373.841
444,Cameroon,1998,745.718
445,Central African Republic,1998,102.32
446,Colombia,1998,11259.9289995
447,Congo,1998,0.0
448,Costa Rica,1998,2044.5580013
449,Côte d'Ivoire,1998,4365.288002
450,Cuba,1998,151.941
451,Democratic Republic of Congo,1998,640.369
452,Dominican Republic,1998,359.5050006
453,Ecuador,1998,1056.4159999
454,El Salvador,1998,1684.2470005
455,Equatorial Guinea,1998,1.669
456,Ethiopia,1998,1917.061
457,Gabon,1998,1.765
458,Ghana,1998,17.787
459,Guatemala,1998,3541.8530004
460,Guinea,1998,228.18
461,Guyana,1998,0.2283018
462,Haiti,1998,127.306
463,Honduras,1998,2329.274
464,India,1998,3486.8300027
465,Indonesia,1998,5598.0319992
466,Jamaica,1998,16.9810004
467,Kenya,1998,841.489
468,Lao People's Democratic Republic,1998,111.6879996
469,Liberia,1998,3.244
470,Madagascar,1998,796.116
471,Malawi,1998,58.6
472,Mexico,1998,3399.0260009
473,Nepal,1998,0.0333333
474,Nicaragua,1998,940.5839991
475,Nigeria,1998,9.8969999
476,Panama,1998,145.123
477,Papua New Guinea,1998,1348.9680002
478,Paraguay,1998,19.3557834
479,Peru,1998,1949.254
480,Philippines,1998,21.0029996
481,Rwanda,1998,214.272
482,Sierra Leone,1998,41.865
483,Sri Lanka,1998,27.2659998
484,Tanzania,1998,742.3049999
485,Thailand,1998,778.0310001
486,Timor-Leste,1998,0.0
487,Togo,1998,165.801
488,Trinidad & Tobago,1998,5.2189988
489,Uganda,1998,3286.012
490,Venezuela,1998,267.5629998
491,Viet Nam,1998,6466.7120002
492,Yemen,1998,70.7909994
493,Zambia,1998,33.308
494,Zimbabwe,1998,153.268
495,Angola,1999,50.114
496,Bolivia (Plurinational State of),1999,123.709
497,Brazil,1999,23149.2038037
498,Burundi,1999,408.748
499,Cameroon,1999,1154.047
500,Central African Republic,1999,194.884
501,Colombia,1999,9995.3100014
502,Congo,1999,0.0
503,Costa Rica,1999,2194.9110035
504,Côte d'Ivoire,1999,2406.01
505,Cuba,1999,77.4130001
506,Democratic Republic of Congo,1999,487.112
507,Dominican Republic,1999,160.5920023
508,Ecuador,1999,988.0260009
509,El Salvador,1999,1889.8150003
510,Equatorial Guinea,1999,1.036
511,Ethiopia,1999,1818.087
512,Gabon,1999,2.5
513,Ghana,1999,94.408
514,Guatemala,1999,4680.601
515,Guinea,1999,300.7939999
516,Guyana,1999,1.4093593
517,Haiti,1999,71.841
518,Honduras,1999,1986.603
519,India,1999,3621.9589989
520,Indonesia,1999,5115.0269995
521,Jamaica,1999,24.228
522,Kenya,1999,1114.07
523,Lao People's Democratic Republic,1999,191.3359992
524,Liberia,1999,15.209
525,Madagascar,1999,464.383
526,Malawi,1999,54.31
527,Mexico,1999,4357.6250021
528,Nepal,1999,0.0
529,Nicaragua,1999,984.1939994
530,Nigeria,1999,8.576
531,Panama,1999,117.981
532,Papua New Guinea,1999,1320.1479996
533,Paraguay,1999,3.4944834
534,Peru,1999,2407.33
535,Philippines,1999,8.5949999
536,Rwanda,1999,314.019
537,Sierra Leone,1999,22.945
538,Sri Lanka,1999,17.2599997
539,Tanzania,1999,643.3540005
540,Thailand,1999,493.404001
541,Timor-Leste,1999,0.0
542,Togo,1999,320.88
543,Trinidad & Tobago,1999,2.9669988
544,Uganda,1999,3840.797
545,Venezuela,1999,464.0820001
546,Viet Nam,1999,7727.0130001
547,Yemen,1999,68.004
548,Zambia,1999,51.184
549,Zimbabwe,1999,131.422
550,Angola,2000,21.505
551,Bolivia (Plurinational State of),2000,106.347
552,Brazil,2000,18016.2606406
553,Burundi,2000,444.242
554,Cameroon,2000,1204.964
555,Central African Republic,2000,202.816
556,Colombia,2000,9176.6609102
557,Congo,2000,0.0
558,Costa Rica,2000,1964.9800407
559,Côte d'Ivoire,2000,6109.6138
560,Cuba,2000,112.91898
561,Democratic Republic of Congo,2000,281.328
562,Dominican Republic,2000,154.8670095
563,Ecuador,2000,696.65018
564,El Salvador,2000,2536.57276
565,Equatorial Guinea,2000,0.179
566,Ethiopia,2000,1981.856
567,Gabon,2000,0.584
568,Ghana,2000,90.63314
569,Guatemala,2000,4851.59185
570,Guinea,2000,292.1529999
571,Guyana,2000,0.5136147
572,Haiti,2000,72.858
573,Honduras,2000,2878.56
574,India,2000,4228.7878502
575,Indonesia,2000,5357.59886
576,Jamaica,2000,28.91593
577,Kenya,2000,1328.30814
578,Lao People's Democratic Republic,2000,254.5989996
579,Liberia,2000,3.583
580,Madagascar,2000,216.232
581,Malawi,2000,61.488
582,Mexico,2000,5303.6903414
583,Nepal,2000,0.066666
584,Nicaragua,2000,1366.6234
585,Nigeria,2000,6.7439999
586,Panama,2000,72.034
587,Papua New Guinea,2000,1043.1571301
588,Paraguay,2000,5.4387134
589,Peru,2000,2361.566
590,Philippines,2000,4.9972
591,Rwanda,2000,270.158
592,Sierra Leone,2000,39.796
593,Sri Lanka,2000,2.4309996
594,Tanzania,2000,740.3485
595,Thailand,2000,970.33097
596,Timor-Leste,2000,1.195
597,Togo,2000,282.6
598,Trinidad & Tobago,2000,3.0969997
599,Uganda,2000,2513.272
600,Venezuela,2000,38.36703
601,Viet Nam,2000,11618.3758499
602,Yemen,2000,58.1039992
603,Zambia,2000,64.552
604,Zimbabwe,2000,117.05728
605,Angola,2001,14.25
606,Bolivia (Plurinational State of),2001,69.555
607,Brazil,2001,23172.486512
608,Burundi,2001,303.166
609,Cameroon,2001,1125.159
610,Central African Republic,2001,94.316
611,Colombia,2001,9943.6300006
612,Congo,2001,0.0
613,Costa Rica,2001,2018.2970002
614,Côte d'Ivoire,2001,4094.5219997
615,Cuba,2001,108.625
616,Democratic Republic of Congo,2001,133.054
617,Dominican Republic,2001,97.3850021
618,Ecuador,2001,756.3890008
619,El Salvador,2001,1532.9139997
620,Equatorial Guinea,2001,0.0
621,Ethiopia,2001,1376.062
622,Gabon,2001,2.024
623,Ghana,2001,56.534
624,Guatemala,2001,4110.378
625,Guinea,2001,355.8079999
626,Guyana,2001,1.1471951
627,Haiti,2001,86.668
628,Honduras,2001,2391.613
629,India,2001,3729.7010005
630,Indonesia,2001,5243.4050012
631,Jamaica,2001,28.1909991
632,Kenya,2001,1095.882
633,Lao People's Democratic Republic,2001,198.1189985
634,Liberia,2001,7.227
635,Madagascar,2001,87.257
636,Malawi,2001,63.712
637,Mexico,2001,3333.1659985
638,Nepal,2001,0.066666
639,Nicaragua,2001,1364.5919995
640,Nigeria,2001,6.855
641,Panama,2001,56.933
642,Papua New Guinea,2001,1095.4109998
643,Paraguay,2001,0.6
644,Peru,2001,2662.796
645,Philippines,2001,3.014
646,Rwanda,2001,278.773
647,Sierra Leone,2001,35.903
648,Sri Lanka,2001,4.1429996
649,Tanzania,2001,866.1620001
650,Thailand,2001,1147.7910002
651,Timor-Leste,2001,31.6646336
652,Togo,2001,193.325
653,Trinidad & Tobago,2001,2.8399995
654,Uganda,2001,3059.763
655,Venezuela,2001,25.9340004
656,Viet Nam,2001,14106.4430005
657,Yemen,2001,65.8800015
658,Zambia,2001,114.945
659,Zimbabwe,2001,104.5680001
660,Angola,2002,9.345
661,Bolivia (Plurinational State of),2002,79.148
662,Brazil,2002,27981.8389351
663,Burundi,2002,288.607
664,Cameroon,2002,639.688
665,Central African Republic,2002,95.435
666,Colombia,2002,10273.4249979
667,Congo,2002,0.0
668,Costa Rica,2002,1784.0340019
669,Côte d'Ivoire,2002,3253.2150024
670,Cuba,2002,57.42
671,Democratic Republic of Congo,2002,179.221
672,Dominican Republic,2002,116.8180034
673,Ecuador,2002,565.2889991
674,El Salvador,2002,1533.0990005
675,Equatorial Guinea,2002,0.0
676,Ethiopia,2002,2054.678
677,Gabon,2002,0.25
678,Ghana,2002,25.057
679,Guatemala,2002,3491.328
680,Guinea,2002,135.7669999
681,Guyana,2002,1.0699356
682,Haiti,2002,41.182
683,Honduras,2002,2711.26
684,India,2002,3550.1299989
685,Indonesia,2002,4285.830001
686,Jamaica,2002,26.3730004
687,Kenya,2002,735.704
688,Lao People's Democratic Republic,2002,278.067
689,Liberia,2002,5.775
690,Madagascar,2002,145.329
691,Malawi,2002,43.97
692,Mexico,2002,2644.6589999
693,Nepal,2002,0.1166664
694,Nicaragua,2002,955.4019993
695,Nigeria,2002,5.3099999
696,Panama,2002,82.697
697,Papua New Guinea,2002,1057.0539997
698,Paraguay,2002,21.4491333
699,Peru,2002,2789.464
700,Philippines,2002,7.0079997
701,Rwanda,2002,329.949
702,Sierra Leone,2002,80.461
703,Sri Lanka,2002,2.9119995
704,Tanzania,2002,496.1019996
705,Thailand,2002,253.2999999
706,Timor-Leste,2002,30.0256336
707,Togo,2002,100.191
708,Trinidad & Tobago,2002,2.1449991
709,Uganda,2002,3357.847
710,Venezuela,2002,191.901
711,Viet Nam,2002,11771.3669994
712,Yemen,2002,60.9980006
713,Zambia,2002,99.446
714,Zimbabwe,2002,119.0890001
715,Angola,2003,17.298
716,Bolivia (Plurinational State of),2003,73.1590001
717,Brazil,2003,25710.8116628
718,Burundi,2003,475.98
719,Cameroon,2003,814.341
720,Central African Republic,2003,39.83
721,Colombia,2003,10244.3919993
722,Congo,2003,0.0
723,Costa Rica,2003,1701.8120002
724,Côte d'Ivoire,2003,2646.6490009
725,Cuba,2003,50.14
726,Democratic Republic of Congo,2003,211.869
727,Dominican Republic,2003,151.438005
728,Ecuador,2003,621.4529993
729,El Salvador,2003,1304.0299995
730,Equatorial Guinea,2003,0.0
731,Ethiopia,2003,2229.143
732,Gabon,2003,0.95
733,Ghana,2003,25.0281448
734,Guatemala,2003,3820.7999997
735,Guinea,2003,354.647
736,Guyana,2003,0.778369
737,Haiti,2003,37.0220001
738,Honduras,2003,2425.237
739,India,2003,3707.0660016
740,Indonesia,2003,4794.7200006
741,Jamaica,2003,24.5077825
742,Kenya,2003,919.569
743,Lao People's Democratic Republic,2003,232.65
744,Liberia,2003,6.604
745,Madagascar,2003,118.95
746,Malawi,2003,48.882
747,Mexico,2003,2595.5929985
748,Nepal,2003,1.8589988
749,Nicaragua,2003,1013.2369996
750,Nigeria,2003,8.9789998
751,Panama,2003,86.101
752,Papua New Guinea,2003,1147.1679996
753,Paraguay,2003,30.86829
754,Peru,2003,2503.025
755,Philippines,2003,12.3309998
756,Rwanda,2003,245.426
757,Sierra Leone,2003,33.9741004
758,Sri Lanka,2003,5.9761442
759,Tanzania,2003,882.6650006
760,Thailand,2003,180.6349993
761,Timor-Leste,2003,45.9073504
762,Togo,2003,71.558
763,Trinidad & Tobago,2003,1.7918055
764,Uganda,2003,2522.128
765,Venezuela,2003,259.9515279
766,Viet Nam,2003,11631.1110003
767,Yemen,2003,55.3268102
768,Zambia,2003,129.673
769,Zimbabwe,2003,97.4280001
770,Angola,2004,5.67
771,Bolivia (Plurinational State of),2004,93.278
772,Brazil,2004,26478.4750901
773,Burundi,2004,338.925
774,Cameroon,2004,734.325
775,Central African Republic,2004,63.92
776,Colombia,2004,10194.3150011
777,Congo,2004,0.0
778,Costa Rica,2004,1423.9400005
779,Côte d'Ivoire,2004,2572.7339994
780,Cuba,2004,24.838
781,Democratic Republic of Congo,2004,252.586
782,Dominican Republic,2004,45.5640004
783,Ecuador,2004,703.9210016
784,El Salvador,2004,1327.5330002
785,Equatorial Guinea,2004,0.0
786,Ethiopia,2004,2490.944
787,Gabon,2004,0.0
788,Ghana,2004,22.10685
789,Guatemala,2004,3309.5810002
790,Guinea,2004,296.202
791,Guyana,2004,0.6408565
792,Haiti,2004,32.0559998
793,Honduras,2004,2779.189
794,India,2004,3647.3365209
795,Indonesia,2004,5455.5989996
796,Jamaica,2004,29.1904905
797,Kenya,2004,753.598
798,Lao People's Democratic Republic,2004,267.06666
799,Liberia,2004,0.0
800,Madagascar,2004,127.034
801,Malawi,2004,25.737
802,Mexico,2004,2361.9313219
803,Nepal,2004,1.4566661
804,Nicaragua,2004,1311.3499996
805,Nigeria,2004,5.6191904
806,Panama,2004,99.145
807,Papua New Guinea,2004,1047.6650115
808,Paraguay,2004,17.2017367
809,Peru,2004,3184.062
810,Philippines,2004,28.8129993
811,Rwanda,2004,450.444
812,Sierra Leone,2004,22.9460001
813,Sri Lanka,2004,6.913303
814,Tanzania,2004,552.8320004
815,Thailand,2004,419.8139997
816,Timor-Leste,2004,22.4361888
817,Togo,2004,148.541
818,Trinidad & Tobago,2004,2.1864285
819,Uganda,2004,2627.011
820,Venezuela,2004,169.8346224
821,Viet Nam,2004,14858.9909998
822,Yemen,2004,44.6280631
823,Zambia,2004,103.755
824,Zimbabwe,2004,113.0079995
825,Angola,2005,4.665
826,Bolivia (Plurinational State of),2005,84.2137507
827,Brazil,2005,26198.0554467
828,Burundi,2005,371.441
829,Cameroon,2005,704.3954
830,Central African Republic,2005,46.5612127
831,Colombia,2005,10871.2469708
832,Congo,2005,0.0
833,Costa Rica,2005,1480.3359848
834,Côte d'Ivoire,2005,1753.849255
835,Cuba,2005,23.684
836,Democratic Republic of Congo,2005,157.53
837,Dominican Republic,2005,41.7670926
838,Ecuador,2005,993.4850211
839,El Salvador,2005,1279.8806251
840,Equatorial Guinea,2005,0.0
841,Ethiopia,2005,2435.069
842,Gabon,2005,0.0
843,Ghana,2005,17.5438
844,Guatemala,2005,3465.7933198
845,Guinea,2005,279.4150001
846,Guyana,2005,0.5278055
847,Haiti,2005,25.0990003
848,Honduras,2005,2391.90535
849,India,2005,2828.9324247
850,Indonesia,2005,6744.09393
851,Jamaica,2005,15.3134398
852,Kenya,2005,673.14
853,Lao People's Democratic Republic,2005,236.8999992
854,Liberia,2005,0.78
855,Madagascar,2005,96.016
856,Malawi,2005,20.867
857,Mexico,2005,1984.8029797
858,Nepal,2005,1.1433329
859,Nicaragua,2005,1002.5431542
860,Nigeria,2005,8.3579018
861,Panama,2005,90.3745078
862,Papua New Guinea,2005,1199.6407098
863,Paraguay,2005,23.763649
864,Peru,2005,2369.4378155
865,Philippines,2005,34.4145416
866,Rwanda,2005,235.5991667
867,Sierra Leone,2005,20.3848082
868,Sri Lanka,2005,2.5089192
869,Tanzania,2005,711.7568673
870,Thailand,2005,374.5679999
871,Timor-Leste,2005,18.4012047
872,Togo,2005,163.99795
873,Trinidad & Tobago,2005,0.7738187
874,Uganda,2005,2368.692
875,Venezuela,2005,22.0685575
876,Viet Nam,2005,13432.0335533
877,Yemen,2005,77.8692027
878,Zambia,2005,105.8024333
879,Zimbabwe,2005,70.8847161
880,Angola,2006,5.41
881,Bolivia (Plurinational State of),2006,92.5442368
882,Brazil,2006,27368.9019587
883,Burundi,2006,280.927
884,Cameroon,2006,739.1189167
885,Central African Republic,2006,16.517692
886,Colombia,2006,10944.8534601
887,Congo,2006,0.0
888,Costa Rica,2006,1310.3694086
889,Côte d'Ivoire,2006,1751.0699381
890,Cuba,2006,15.9333333
891,Democratic Republic of Congo,2006,138.0938333
892,Dominican Republic,2006,124.6719635
893,Ecuador,2006,1014.7792186
894,El Salvador,2006,1292.8146082
895,Equatorial Guinea,2006,0.0
896,Ethiopia,2006,2935.56
897,Gabon,2006,1.091
898,Ghana,2006,8.8198133
899,Guatemala,2006,3312.1092313
900,Guinea,2006,518.9227253
901,Guyana,2006,1.7099359
902,Haiti,2006,23.7869002
903,Honduras,2006,2898.4144369
904,India,2006,3578.2750866
905,Indonesia,2006,5280.4349134
906,Jamaica,2006,24.6042409
907,Kenya,2006,597.133
908,Lao People's Democratic Republic,2006,119.8643382
909,Liberia,2006,0.446
910,Madagascar,2006,178.72
911,Malawi,2006,17.42
912,Mexico,2006,2570.0749433
913,Nepal,2006,1.3865629
914,Nicaragua,2006,1445.3033968
915,Nigeria,2006,27.9514577
916,Panama,2006,106.9430052
917,Papua New Guinea,2006,848.8072127
918,Paraguay,2006,24.8122533
919,Peru,2006,3881.0259992
920,Philippines,2006,38.0869695
921,Rwanda,2006,388.9674653
922,Sierra Leone,2006,50.9830177
923,Sri Lanka,2006,7.4294345
924,Tanzania,2006,731.5407483
925,Thailand,2006,540.0988174
926,Timor-Leste,2006,49.3015394
927,Togo,2006,117.8949833
928,Trinidad & Tobago,2006,0.7917137
929,Uganda,2006,2172.889
930,Venezuela,2006,64.8685815
931,Viet Nam,2006,13904.70204
932,Yemen,2006,60.5650481
933,Zambia,2006,77.9461333
934,Zimbabwe,2006,54.2412331
935,Angola,2007,3.916
936,Bolivia (Plurinational State of),2007,84.0471555
937,Brazil,2007,28183.5739472
938,Burundi,2007,356.114
939,Cameroon,2007,720.62075
940,Central African Republic,2007,121.9396667
941,Colombia,2007,11300.4206901
942,Congo,2007,0.0
943,Costa Rica,2007,1363.8501555
944,Côte d'Ivoire,2007,2195.6015148
945,Cuba,2007,15.64
946,Democratic Republic of Congo,2007,199.9877167
947,Dominican Republic,2007,77.8296446
948,Ecuador,2007,991.1147872
949,El Salvador,2007,1210.3587142
950,Equatorial Guinea,2007,0.0
951,Ethiopia,2007,2604.008
952,Gabon,2007,0.403
953,Ghana,2007,22.12315
954,Guatemala,2007,3726.1669582
955,Guinea,2007,435.6941632
956,Guyana,2007,1.9134498
957,Haiti,2007,20.8177303
958,Honduras,2007,3312.0085632
959,India,2007,3319.4056657
960,Indonesia,2007,4149.4101006
961,Jamaica,2007,22.7331535
962,Kenya,2007,817.466
963,Lao People's Democratic Republic,2007,251.6878422
964,Liberia,2007,2.3353334
965,Madagascar,2007,99.4513715
966,Malawi,2007,18.875
967,Mexico,2007,2912.3017258
968,Nepal,2007,1.9198957
969,Nicaragua,2007,1259.3465787
970,Nigeria,2007,9.4129532
971,Panama,2007,108.8952921
972,Papua New Guinea,2007,908.7452539
973,Paraguay,2007,31.48511
974,Peru,2007,2879.4942892
975,Philippines,2007,32.4238816
976,Rwanda,2007,255.5357195
977,Sierra Leone,2007,51.0899843
978,Sri Lanka,2007,4.2543587
979,Tanzania,2007,807.2481667
980,Thailand,2007,365.4450574
981,Timor-Leste,2007,31.2524211
982,Togo,2007,154.9078833
983,Trinidad & Tobago,2007,0.7603987
984,Uganda,2007,2693.187
985,Venezuela,2007,70.3796585
986,Viet Nam,2007,17936.2186134
987,Yemen,2007,72.2408778
988,Zambia,2007,53.682
989,Zimbabwe,2007,32.4034668
990,Angola,2008,6.105
991,Bolivia (Plurinational State of),2008,68.1538912
992,Brazil,2008,29510.2956935
993,Burundi,2008,250.6982333
994,Cameroon,2008,527.0159667
995,Central African Republic,2008,32.633
996,Colombia,2008,11085.1702037
997,Congo,2008,0.0
998,Costa Rica,2008,1440.082759
999,Côte d'Ivoire,2008,1490.2354749
1000,Cuba,2008,3.85
1001,Democratic Republic of Congo,2008,203.2036167
1002,Dominican Republic,2008,81.6146814
1003,Ecuador,2008,868.4560753
1004,El Salvador,2008,1438.2105592
1005,Equatorial Guinea,2008,0.0
1006,Ethiopia,2008,2851.92097
1007,Gabon,2008,0.421
1008,Ghana,2008,36.0898333
1009,Guatemala,2008,3777.5902024
1010,Guinea,2008,208.1745163
1011,Guyana,2008,1.5186997
1012,Haiti,2008,17.2008609
1013,Honduras,2008,3259.4549512
1014,India,2008,3376.6686651
1015,Indonesia,2008,5740.6730453
1016,Jamaica,2008,20.7753657
1017,Kenya,2008,608.429
1018,Lao People's Democratic Republic,2008,258.1046117
1019,Liberia,2008,1.73
1020,Madagascar,2008,196.1874116
1021,Malawi,2008,20.554
1022,Mexico,2008,2448.0008062
1023,Nepal,2008,1.0365625
1024,Nicaragua,2008,1625.1105737
1025,Nigeria,2008,1.8876655
1026,Panama,2008,113.9523965
1027,Papua New Guinea,2008,1095.9213703
1028,Paraguay,2008,0.8390233
1029,Peru,2008,3732.567
1030,Philippines,2008,4.3929507
1031,Rwanda,2008,326.0684598
1032,Sierra Leone,2008,25.7117922
1033,Sri Lanka,2008,1.700505
1034,Tanzania,2008,817.9361667
1035,Thailand,2008,175.0425515
1036,Timor-Leste,2008,49.6075279
1037,Togo,2008,120.6589
1038,Trinidad & Tobago,2008,1.2597838
1039,Uganda,2008,3310.65
1040,Venezuela,2008,125.4862776
1041,Viet Nam,2008,16101.3720357
1042,Yemen,2008,66.5796
1043,Zambia,2008,48.4856667
1044,Zimbabwe,2008,23.1005954
1045,Angola,2009,6.925
1046,Bolivia (Plurinational State of),2009,82.6087731
1047,Brazil,2009,30377.9816361
1048,Burundi,2009,288.83
1049,Cameroon,2009,617.7570333
1050,Central African Republic,2009,61.582
1051,Colombia,2009,7893.9267953
1052,Congo,2009,0.0
1053,Costa Rica,2009,1235.6451535
1054,Côte d'Ivoire,2009,1806.5257164
1055,Cuba,2009,7.462
1056,Democratic Republic of Congo,2009,161.0017333
1057,Dominican Republic,2009,102.396398
1058,Ecuador,2009,1086.2174004
1059,El Salvador,2009,1309.200353
1060,Equatorial Guinea,2009,0.0
1061,Ethiopia,2009,1851.4974532
1062,Gabon,2009,0.675
1063,Ghana,2009,23.6753833
1064,Guatemala,2009,3492.8219874
1065,Guinea,2009,438.7856007
1066,Guyana,2009,1.3673275
1067,Haiti,2009,15.9158744
1068,Honduras,2009,3084.1878284
1069,India,2009,3006.5624631
1070,Indonesia,2009,7907.2735156
1071,Jamaica,2009,24.8305172
1072,Kenya,2009,524.748
1073,Lao People's Democratic Republic,2009,263.8617763
1074,Liberia,2009,9.12
1075,Madagascar,2009,39.6371367
1076,Malawi,2009,17.575
1077,Mexico,2009,2838.0964497
1078,Nepal,2009,1.508308
1079,Nicaragua,2009,1373.9991304
1080,Nigeria,2009,0.6424879
1081,Panama,2009,58.994871
1082,Papua New Guinea,2009,1026.9728297
1083,Paraguay,2009,0.0182929
1084,Peru,2009,3073.578
1085,Philippines,2009,6.7312925
1086,Rwanda,2009,304.3162559
1087,Sierra Leone,2009,103.7334566
1088,Sri Lanka,2009,0.6494178
1089,Tanzania,2009,1156.9443168
1090,Thailand,2009,185.3875587
1091,Timor-Leste,2009,43.1972278
1092,Togo,2009,151.7037833
1093,Trinidad & Tobago,2009,0.1432195
1094,Uganda,2009,3014.351
1095,Venezuela,2009,18.181522
1096,Viet Nam,2009,17051.7344765
1097,Yemen,2009,39.3638493
1098,Zambia,2009,32.5476667
1099,Zimbabwe,2009,18.4785659
1100,Angola,2010,4.37
1101,Bolivia (Plurinational State of),2010,78.2680061
1102,Brazil,2010,33166.6415897
1103,Burundi,2010,307.1189581
1104,Cameroon,2010,793.8456667
1105,Central African Republic,2010,95.194
1106,Colombia,2010,7821.6345037
1107,Congo,2010,0.0
1108,Costa Rica,2010,1199.9826173
1109,Côte d'Ivoire,2010,1912.0534425
1110,Cuba,2010,5.26
1111,Democratic Republic of Congo,2010,162.1096
1112,Dominican Republic,2010,41.1307737
1113,Ecuador,2010,1201.5527269
1114,El Salvador,2010,1081.7666259
1115,Equatorial Guinea,2010,0.0
1116,Ethiopia,2010,3324.1025511
1117,Gabon,2010,0.81
1118,Ghana,2010,6.6219345
1119,Guatemala,2010,3468.0876782
1120,Guinea,2010,405.5585284
1121,Guyana,2010,0.8025006
1122,Haiti,2010,8.7403186
1123,Honduras,2010,3349.3976392
1124,India,2010,4647.2811106
1125,Indonesia,2010,5489.1475563
1126,Jamaica,2010,15.4349302
1127,Kenya,2010,531.0926567
1128,Lao People's Democratic Republic,2010,287.8578314
1129,Liberia,2010,7.2159996
1130,Madagascar,2010,73.5849035
1131,Malawi,2010,8.1198898
1132,Mexico,2010,2497.5399854
1133,Nepal,2010,1.0366255
1134,Nicaragua,2010,1711.8160583
1135,Nigeria,2010,3.0441525
1136,Panama,2010,65.3353264
1137,Papua New Guinea,2010,929.3412071
1138,Paraguay,2010,0.1959806
1139,Peru,2010,3816.67104
1140,Philippines,2010,6.3665458
1141,Rwanda,2010,295.9629328
1142,Sierra Leone,2010,57.5764861
1143,Sri Lanka,2010,1.6552438
1144,Tanzania,2010,555.8019331
1145,Thailand,2010,369.627534
1146,Timor-Leste,2010,68.0392678
1147,Togo,2010,198.1077
1148,Trinidad & Tobago,2010,0.5000756
1149,Uganda,2010,2656.536
1150,Venezuela,2010,19.0843108
1151,Viet Nam,2010,14228.5857964
1152,Yemen,2010,43.5304245
1153,Zambia,2010,17.8713333
1154,Zimbabwe,2010,7.434416
1155,Angola,2011,7.575
1156,Bolivia (Plurinational State of),2011,74.3088833
1157,Brazil,2011,33806.0093278
1158,Burundi,2011,217.8457992
1159,Cameroon,2011,490.2830667
1160,Central African Republic,2011,77.943
1161,Colombia,2011,7733.625254
1162,Congo,2011,0.0
1163,Costa Rica,2011,1243.0599349
1164,Côte d'Ivoire,2011,772.2421667
1165,Cuba,2011,9.755
1166,Democratic Republic of Congo,2011,131.6650667
1167,Dominican Republic,2011,88.5978933
1168,Ecuador,2011,1532.2566057
1169,El Salvador,2011,1826.30685
1170,Equatorial Guinea,2011,0.0
1171,Ethiopia,2011,2675.4190125
1172,Gabon,2011,0.7523333
1173,Ghana,2011,72.0727358
1174,Guatemala,2011,3696.8254983
1175,Guinea,2011,384.5238255
1176,Guyana,2011,0.5902795
1177,Haiti,2011,8.6211063
1178,Honduras,2011,3947.1411511
1179,India,2011,5414.0105768
1180,Indonesia,2011,3919.891883
1181,Jamaica,2011,16.0598548
1182,Kenya,2011,609.163192
1183,Lao People's Democratic Republic,2011,420.9658948
1184,Liberia,2011,7.8793162
1185,Madagascar,2011,143.9107205
1186,Malawi,2011,25.8532829
1187,Mexico,2011,2906.5175744
1188,Nepal,2011,3.7482843
1189,Nicaragua,2011,1467.7097989
1190,Nigeria,2011,6.5539994
1191,Panama,2011,53.0888441
1192,Papua New Guinea,2011,1224.5226685
1193,Paraguay,2011,0.0199421
1194,Peru,2011,4697.069665
1195,Philippines,2011,10.3260753
1196,Rwanda,2011,276.8116826
1197,Sierra Leone,2011,37.3870282
1198,Sri Lanka,2011,2.3540694
1199,Tanzania,2011,798.0999333
1200,Thailand,2011,242.7539545
1201,Timor-Leste,2011,38.7211688
1202,Togo,2011,155.0841667
1203,Trinidad & Tobago,2011,0.2998397
1204,Uganda,2011,3142.011
1205,Venezuela,2011,0.467082
1206,Viet Nam,2011,17717.3947313
1207,Yemen,2011,35.2766883
1208,Zambia,2011,9.003
1209,Zimbabwe,2011,4.5622061
1210,Angola,2012,8.375
1211,Bolivia (Plurinational State of),2012,62.67578
1212,Brazil,2012,28549.4258909
1213,Burundi,2012,392.0069167
1214,Cameroon,2012,621.8128
1215,Central African Republic,2012,77.692
1216,Colombia,2012,7170.203291
1217,Congo,2012,0.0
1218,Costa Rica,2012,1373.6671636
1219,Côte d'Ivoire,2012,1711.7656167
1220,Cuba,2012,15.312
1221,Democratic Republic of Congo,2012,146.3839333
1222,Dominican Republic,2012,137.3830166
1223,Ecuador,2012,1579.5909418
1224,El Salvador,2012,1043.9860098
1225,Equatorial Guinea,2012,0.0
1226,Ethiopia,2012,3202.5924066
1227,Gabon,2012,0.0
1228,Ghana,2012,30.4670629
1229,Guatemala,2012,3750.1125361
1230,Guinea,2012,377.2035436
1231,Guyana,2012,1.7670196
1232,Haiti,2012,11.0616719
1233,Honduras,2012,5507.9849391
1234,India,2012,5043.961929
1235,Indonesia,2012,8205.7408259
1236,Jamaica,2012,14.9194512
1237,Kenya,2012,802.8862824
1238,Lao People's Democratic Republic,2012,359.7618969
1239,Liberia,2012,2.8109667
1240,Madagascar,2012,78.9174707
1241,Malawi,2012,19.5299992
1242,Mexico,2012,3556.455805
1243,Nepal,2012,1.4285702
1244,Nicaragua,2012,1987.3021469
1245,Nigeria,2012,1.6620094
1246,Panama,2012,50.5928326
1247,Papua New Guinea,2012,924.9300992
1248,Paraguay,2012,0.006549
1249,Peru,2012,4310.3519216
1250,Philippines,2012,3.0909913
1251,Rwanda,2012,250.844586
1252,Sierra Leone,2012,65.2700743
1253,Sri Lanka,2012,0.1529592
1254,Tanzania,2012,756.221317
1255,Thailand,2012,349.7193662
1256,Timor-Leste,2012,55.8770497
1257,Togo,2012,147.3904467
1258,Trinidad & Tobago,2012,1.4482379
1259,Uganda,2012,2685.237
1260,Venezuela,2012,2.3147761
1261,Viet Nam,2012,22919.6638324
1262,Yemen,2012,62.6515962
1263,Zambia,2012,7.0757268
1264,Zimbabwe,2012,4.0035378
1265,Angola,2013,5.52
1266,Bolivia (Plurinational State of),2013,54.8505333
1267,Brazil,2013,31650.5629454
1268,Burundi,2013,194.7158834
1269,Cameroon,2013,271.9492167
1270,Central African Republic,2013,1.0
1271,Colombia,2013,9669.907367
1272,Congo,2013,0.0
1273,Costa Rica,2013,1343.9515865
1274,Côte d'Ivoire,2013,1962.0707667
1275,Cuba,2013,12.415
1276,Democratic Republic of Congo,2013,140.1253333
1277,Dominican Republic,2013,64.7233119
1278,Ecuador,2013,1262.12591
1279,El Salvador,2013,1102.743425
1280,Equatorial Guinea,2013,0.0
1281,Ethiopia,2013,2870.0752483
1282,Gabon,2013,0.0
1283,Ghana,2013,22.6105125
1284,Guatemala,2013,3575.0113969
1285,Guinea,2013,134.2771324
1286,Guyana,2013,1.1103907
1287,Haiti,2013,8.2794708
1288,Honduras,2013,4185.1189243
1289,India,2013,5032.6385291
1290,Indonesia,2013,9254.8073308
1291,Jamaica,2013,15.053724
1292,Kenya,2013,814.5422481
1293,Lao People's Democratic Republic,2013,399.6511097
1294,Liberia,2013,3.5393333
1295,Madagascar,2013,166.1384486
1296,Malawi,2013,28.7297071
1297,Mexico,2013,3132.049713
1298,Nepal,2013,1.2203518
1299,Nicaragua,2013,1660.5499878
1300,Nigeria,2013,0.7212691
1301,Panama,2013,48.5491876
1302,Papua New Guinea,2013,810.93264
1303,Paraguay,2013,0.0081925
1304,Peru,2013,3736.0759796
1305,Philippines,2013,6.092139
1306,Rwanda,2013,254.2667468
1307,Sierra Leone,2013,56.9916375
1308,Sri Lanka,2013,0.2801537
1309,Tanzania,2013,934.7947801
1310,Thailand,2013,49.3077027
1311,Timor-Leste,2013,70.2399165
1312,Togo,2013,90.7565333
1313,Trinidad & Tobago,2013,2.4859161
1314,Uganda,2013,3671.879
1315,Venezuela,2013,5.76347
1316,Viet Nam,2013,19717.7644142
1317,Yemen,2013,55.3491345
1318,Zambia,2013,10.2548897
1319,Zimbabwe,2013,2.1808035
1320,Angola,2014,9.375
1321,Bolivia (Plurinational State of),2014,61.7512667
1322,Brazil,2014,37335.1728254
1323,Burundi,2014,252.178
1324,Cameroon,2014,375.0338667
1325,Central African Republic,2014,75.027
1326,Colombia,2014,10954.4083574
1327,Congo,2014,0.0
1328,Costa Rica,2014,1208.9184979
1329,Côte d'Ivoire,2014,1489.15115
1330,Cuba,2014,13.241
1331,Democratic Republic of Congo,2014,150.577
1332,Dominican Republic,2014,44.8342722
1333,Ecuador,2014,1129.1651844
1334,El Salvador,2014,461.64911
1335,Equatorial Guinea,2014,0.0
1336,Ethiopia,2014,3116.69037
1337,Gabon,2014,0.0
1338,Ghana,2014,26.4419779
1339,Guatemala,2014,3043.4385355
1340,Guinea,2014,24.1208056
1341,Guyana,2014,12.5399127
1342,Haiti,2014,3.1414734
1343,Honduras,2014,4251.826667
1344,India,2014,5130.9142699
1345,Indonesia,2014,6174.8097126
1346,Jamaica,2014,10.2486926
1347,Kenya,2014,798.7267892
1348,Lao People's Democratic Republic,2014,369.726347
1349,Liberia,2014,1.3456667
1350,Madagascar,2014,137.8095917
1351,Malawi,2014,25.5353073
1352,Mexico,2014,2479.5268094
1353,Nepal,2014,0.8629222
1354,Nicaragua,2014,1900.6373843
1355,Nigeria,2014,1.4323063
1356,Panama,2014,51.0247939
1357,Papua New Guinea,2014,806.83394
1358,Paraguay,2014,0.0460641
1359,Peru,2014,2719.88985
1360,Philippines,2014,12.0375383
1361,Rwanda,2014,255.6826782
1362,Sierra Leone,2014,24.0319576
1363,Sri Lanka,2014,2.3383577
1364,Tanzania,2014,717.9569368
1365,Thailand,2014,27.3704621
1366,Timor-Leste,2014,111.0623633
1367,Togo,2014,133.9686333
1368,Trinidad & Tobago,2014,2.137128
1369,Uganda,2014,3442.351
1370,Venezuela,2014,0.0820858
1371,Viet Nam,2014,26097.1441598
1372,Yemen,2014,56.9890456
1373,Zambia,2014,5.2441874
1374,Zimbabwe,2014,11.3021925
1375,Angola,2015,10.515
1376,Bolivia (Plurinational State of),2015,30.2801583
1377,Brazil,2015,37562.8467468
1378,Burundi,2015,230.18855
1379,Cameroon,2015,390.1427167
1380,Central African Republic,2015,43.214
1381,Colombia,2015,12716.3846704
1382,Congo,2015,0.0020367
1383,Costa Rica,2015,1128.190321
1384,Côte d'Ivoire,2015,1418.3751666
1385,Cuba,2015,12.79605
1386,Democratic Republic of Congo,2015,128.285
1387,Dominican Republic,2015,19.1439671
1388,Ecuador,2015,869.0484943
1389,El Salvador,2015,575.8640571
1390,Equatorial Guinea,2015,0.0
1391,Ethiopia,2015,2984.9748167
1392,Gabon,2015,0.0
1393,Ghana,2015,40.0215698
1394,Guatemala,2015,2960.8620078
1395,Guinea,2015,151.692689
1396,Guyana,2015,1.9760867
1397,Haiti,2015,2.6611461
1398,Honduras,2015,5029.6670058
1399,India,2015,5262.2938866
1400,Indonesia,2015,8378.6875964
1401,Jamaica,2015,11.8739809
1402,Kenya,2015,712.0561288
1403,Lao People's Democratic Republic,2015,403.1699016
1404,Liberia,2015,3.5200001
1405,Madagascar,2015,59.3255179
1406,Malawi,2015,17.8592197
1407,Mexico,2015,2457.9965011
1408,Nepal,2015,2.0245748
1409,Nicaragua,2015,1753.1587845
1410,Nigeria,2015,2.8628523
1411,Panama,2015,49.7142205
1412,Papua New Guinea,2015,711.4821
1413,Paraguay,2015,0.0
1414,Peru,2015,2789.83914
1415,Philippines,2015,14.8310425
1416,Rwanda,2015,262.6835499
1417,Sierra Leone,2015,54.0397454
1418,Sri Lanka,2015,0.482531
1419,Tanzania,2015,708.912463
1420,Thailand,2015,578.3290715
1421,Timor-Leste,2015,67.6860052
1422,Togo,2015,178.1048167
1423,Trinidad & Tobago,2015,1.9322738
1424,Uganda,2015,3595.607
1425,Venezuela,2015,0.50364
1426,Viet Nam,2015,21943.5021749
1427,Yemen,2015,52.2324134
1428,Zambia,2015,2.9395502
1429,Zimbabwe,2015,11.0690096
1430,Angola,2016,10.945
1431,Bolivia (Plurinational State of),2016,22.4563417
1432,Brazil,2016,34269.1502534
1433,Burundi,2016,204.2708313
1434,Cameroon,2016,281.1289667
1435,Central African Republic,2016,80.018
1436,Colombia,2016,12831.3907266
1437,Congo,2016,0.0
1438,Costa Rica,2016,1006.9283536
1439,Côte d'Ivoire,2016,1432.0436
1440,Cuba,2016,15.4021
1441,Democratic Republic of Congo,2016,170.9553333
1442,Dominican Republic,2016,19.3625362
1443,Ecuador,2016,922.6263392
1444,El Salvador,2016,495.9930146
1445,Equatorial Guinea,2016,0.0
1446,Ethiopia,2016,3000.72445
1447,Gabon,2016,0.0
1448,Ghana,2016,26.8017133
1449,Guatemala,2016,2991.1207581
1450,Guinea,2016,250.0291659
1451,Guyana,2016,1.9671328
1452,Haiti,2016,1.2770179
1453,Honduras,2016,5305.953308
1454,India,2016,6086.1197369
1455,Indonesia,2016,6545.3920455
1456,Jamaica,2016,11.2239986
1457,Kenya,2016,727.0431516
1458,Lao People's Democratic Republic,2016,385.7797409
1459,Liberia,2016,2.955
1460,Madagascar,2016,75.7958404
1461,Malawi,2016,22.1486775
1462,Mexico,2016,2232.9130734
1463,Nepal,2016,2.0712779
1464,Nicaragua,2016,1963.4673074
1465,Nigeria,2016,1.4005618
1466,Panama,2016,55.585032
1467,Papua New Guinea,2016,1133.1803071
1468,Paraguay,2016,0.0093713
1469,Peru,2016,3959.5835934
1470,Philippines,2016,12.9434741
1471,Rwanda,2016,244.3354621
1472,Sierra Leone,2016,25.806877
1473,Sri Lanka,2016,1.4493613
1474,Tanzania,2016,904.7976535
1475,Thailand,2016,130.9525718
1476,Timor-Leste,2016,67.8533082
1477,Togo,2016,74.8768333
1478,Trinidad & Tobago,2016,1.7645473
1479,Uganda,2016,3543.097
1480,Venezuela,2016,0.0
1481,Viet Nam,2016,29721.2905333
1482,Yemen,2016,37.9012596
1483,Zambia,2016,9.7911194
1484,Zimbabwe,2016,12.2870778
1485,Angola,2017,9.055
1486,Bolivia (Plurinational State of),2017,26.1199916
1487,Brazil,2017,30924.5678492
1488,Burundi,2017,168.8762643
1489,Cameroon,2017,245.0171167
1490,Central African Republic,2017,18.1126667
1491,Colombia,2017,12984.5957468
1492,Congo,2017,0.0
1493,Costa Rica,2017,987.1546413
1494,Côte d'Ivoire,2017,854.6205832
1495,Cuba,2017,15.1269672
1496,Democratic Republic of Congo,2017,88.6189908
1497,Dominican Republic,2017,24.3960478
1498,Ecuador,2017,695.1462968
1499,El Salvador,2017,527.1010812
1500,Equatorial Guinea,2017,0.0
1501,Ethiopia,2017,3773.4063333
1502,Gabon,2017,0.0
1503,Ghana,2017,16.8556397
1504,Guatemala,2017,3382.6661913
1505,Guinea,2017,215.6914713
1506,Guyana,2017,0.8115381
1507,Haiti,2017,1.886211
1508,Honduras,2017,7340.8439517
1509,India,2017,6541.5010488
1510,Indonesia,2017,8197.5739739
1511,Jamaica,2017,10.2324055
1512,Kenya,2017,709.6382353
1513,Lao People's Democratic Republic,2017,385.5876533
1514,Liberia,2017,11.0116667
1515,Madagascar,2017,57.5361834
1516,Malawi,2017,12.6223955
1517,Mexico,2017,2910.6499645
1518,Nepal,2017,0.9745111
1519,Nicaragua,2017,2448.6379304
1520,Nigeria,2017,2.57984
1521,Panama,2017,50.1411407
1522,Papua New Guinea,2017,794.1003952
1523,Paraguay,2017,0.002358
1524,Peru,2017,3945.8232277
1525,Philippines,2017,8.5486409
1526,Rwanda,2017,245.9412701
1527,Sierra Leone,2017,34.973872
1528,Sri Lanka,2017,1.6893049
1529,Tanzania,2017,664.0793199
1530,Thailand,2017,141.1263307
1531,Timor-Leste,2017,86.2778885
1532,Togo,2017,27.3287667
1533,Trinidad & Tobago,2017,1.7999997
1534,Uganda,2017,4774.033
1535,Venezuela,2017,0.0
1536,Viet Nam,2017,25092.1586831
1537,Yemen,2017,46.4221011
1538,Zambia,2017,12.5689814
1539,Zimbabwe,2017,2.3491934
1540,Angola,2018,9.3233967
1541,Bolivia (Plurinational State of),2018,22.4596336
1542,Brazil,2018,35637.3585892
1543,Burundi,2018,201.7252364
1544,Cameroon,2018,287.41525
1545,Central African Republic,2018,38.528
1546,Colombia,2018,12807.9726245
1547,Congo,2018,0.0130833
1548,Costa Rica,2018,1207.9462959
1549,Côte d'Ivoire,2018,1522.4575667
1550,Cuba,2018,33.3468849
1551,Democratic Republic of Congo,2018,187.9996667
1552,Dominican Republic,2018,32.2031773
1553,Ecuador,2018,482.6993325
1554,El Salvador,2018,571.4240657
1555,Equatorial Guinea,2018,0.0580008
1556,Ethiopia,2018,3589.04802
1557,Gabon,2018,0.0168127
1558,Ghana,2018,12.400351
1559,Guatemala,2018,3327.4896563
1560,Guinea,2018,156.5050078
1561,Guyana,2018,1.1789453
1562,Haiti,2018,2.0191244
1563,Honduras,2018,7143.8844713
1564,India,2018,5967.2246041
1565,Indonesia,2018,4538.8390548
1566,Jamaica,2018,9.7515687
1567,Kenya,2018,753.0309147
1568,Lao People's Democratic Republic,2018,361.0216345
1569,Liberia,2018,7.7333333
1570,Madagascar,2018,6.4774326
1571,Malawi,2018,12.079999
1572,Mexico,2018,2888.1404815
1573,Nepal,2018,1.8452526
1574,Nicaragua,2018,2300.0350324
1575,Nigeria,2018,3.0129175
1576,Panama,2018,46.8935146
1577,Papua New Guinea,2018,869.9459834
1578,Paraguay,2018,0.0135363
1579,Peru,2018,4063.938661
1580,Philippines,2018,3.9927242
1581,Rwanda,2018,350.3721832
1582,Sierra Leone,2018,26.546347
1583,Sri Lanka,2018,1.5379155
1584,Tanzania,2018,856.0041365
1585,Thailand,2018,258.1336572
1586,Timor-Leste,2018,128.6684667
1587,Togo,2018,111.04435
1588,Trinidad & Tobago,2018,2.8705688
1589,Uganda,2018,4223.182
1590,Venezuela,2018,71.7729963
1591,Viet Nam,2018,31385.0655789
1592,Yemen,2018,42.1181308
1593,Zambia,2018,26.168988
1594,Zimbabwe,2018,4.8053098
1595,Angola,2019,23.3571778
1596,Bolivia (Plurinational State of),2019,20.3419549
1597,Brazil,2019,40697.8637087
1598,Burundi,2019,292.8872914
1599,Cameroon,2019,249.9023999
1600,Central African Republic,2019,19.2733333
1601,Colombia,2019,13672.2255993
1602,Congo,2019,0.0005553
1603,Costa Rica,2019,1039.1443612
1604,Côte d'Ivoire,2019,2104.2571598
1605,Cuba,2019,22.4859929
1606,Democratic Republic of Congo,2019,204.5274071
1607,Dominican Republic,2019,27.3764164
1608,Ecuador,2019,506.2668567
1609,El Salvador,2019,545.8333946
1610,Equatorial Guinea,2019,0.0
1611,Ethiopia,2019,3921.2497734
1612,Gabon,2019,0.03
1613,Ghana,2019,10.1549369
1614,Guatemala,2019,3613.1879915
1615,Guinea,2019,68.9079607
1616,Guyana,2019,0.6464431
1617,Haiti,2019,1.8611867
1618,Honduras,2019,6764.5646073
1619,India,2019,6027.8611523
1620,Indonesia,2019,6333.8728885
1621,Jamaica,2019,9.405321
1622,Kenya,2019,835.8867766
1623,Lao People's Democratic Republic,2019,575.3368254
1624,Liberia,2019,0.5833333
1625,Madagascar,2019,4.0040167
1626,Malawi,2019,15.6594366
1627,Mexico,2019,2626.9848561
1628,Nepal,2019,1.2407212
1629,Nicaragua,2019,2954.389526
1630,Nigeria,2019,2.1935393
1631,Panama,2019,50.691857
1632,Papua New Guinea,2019,787.073434
1633,Paraguay,2019,0.0006743
1634,Peru,2019,3771.9458818
1635,Philippines,2019,7.0860156
1636,Rwanda,2019,388.8660001
1637,Sierra Leone,2019,46.740111
1638,Sri Lanka,2019,0.9553168
1639,Tanzania,2019,1069.2142865
1640,Thailand,2019,174.2986935
1641,Timor-Leste,2019,117.1977167
1642,Togo,2019,58.49345
1643,Trinidad & Tobago,2019,2.4710825
1644,Uganda,2019,4526.143
1645,Venezuela,2019,53.2333949
1646,Viet Nam,2019,27400.1618174
1647,Yemen,2019,12.1805242
1648,Zambia,2019,27.2767848
1649,Zimbabwe,2019,6.2683128
