,Country,Region_Country,1990,1991,1992,1993,1994,1995,1996,1997,1998,1999,2000,2001,2002,2003,2004,2005,2006,2007,2008,2009,2010,2011,2012,2013,2014,2015,2016,2017,2018,2019
0,Algeria,Africa,1058.8870001,1782.264,862.2660006,1470.0250026,1697.6750046,897.7350043,1229.0680096,1461.0229982,475.3950068,2227.7450036,1778.846999,1454.6789994,1852.2559991,1752.3120014,2159.3019993,1891.6298221,1836.2331165,1968.3574208,2117.5360443,2066.2201713,2021.4460465,1942.3794133,2116.6466269,2124.7260094,2153.9740099,2159.120149,2323.1299872,2190.1644486,1819.1326667,2259.7919159
1,Benin,Africa,0.0,0.0,0.0,0.0,0.0,0.0,0.0,0.0,1.7804512,4.3247546,0.4581476,1.7889785,8.9172729,3.3673695,0.5519889,1.5521337,1.870788,3.5138379,4.5404679,6.3325062,8.0871161,12.717981,7.674313,6.3091014,10.6403581,15.7685851,11.972798,15.5699802,22.3958932,12.3393584
2,Botswana,Africa,12.9740017,11.5360014,18.0990014,22.0700006,20.4249987,9.2490018,26.4270028,13.2610014,29.5370006,37.4280014,20.736,17.4930232,17.7590167,35.4262111,34.1617745,35.0409412,17.9632186,12.5144162,33.3031987,24.2144938,22.0169832,23.3473227,30.7003738,22.126551,20.7604027,32.9913371,23.2952128,21.0175059,5.7756537,17.5673403
3,Burkina Faso,Africa,5.5340021,7.0539981,1.8930026,7.0710053,8.430995,13.1249946,11.4190037,12.0100048,16.3450003,22.1849986,13.8419978,10.5649999,14.6129998,32.0682096,26.1618712,20.7898262,4.5735187,32.5780061,20.5811369,38.2502527,60.2566583,70.1387352,65.0294761,78.1336777,82.7620209,127.5102393,91.6399486,106.8998497,126.3162993,104.6660038
4,Cabo Verde,Africa,1.6700001,7.1190003,17.5000007,9.9680017,8.0260006,12.5909996,13.0530015,7.7060008,8.7420022,9.2259974,9.7999992,9.7620004,9.2500012,10.694943,13.8826656,10.5186934,10.8539334,9.716981,11.2641787,10.6503921,11.3423026,10.5583659,12.3255808,11.6824277,11.2264789,11.1070244,12.2587698,13.5291255,13.9431343,11.2361087
5,Chad,Africa,0.2000004,0.2000004,0.2000004,0.2000004,2.4059987,1.4421746,1.781684,1.0533254,0.26,0.26,1.516684,0.3328,0.1388254,5.1953346,1.91666,3.5298014,3.6091506,4.3186506,4.2393014,3.6759854,3.625656,0.3121414,0.1785,0.2453586,0.2440002,0.6220004,0.8900005,2.9215462,11.7420295,3.259939
6,Comoros,Africa,0.0,0.0,0.0810004,0.2080011,0.0620009,0.0219991,0.0839991,0.138999,0.0511303,0.1073227,0.0558908,0.0822918,0.214572,0.1392028,0.189426,0.2706983,0.2856097,0.1430222,0.1651939,0.2473148,0.4427894,0.6337406,1.8472251,0.4159971,0.3459998,0.4510003,1.2399999,0.7342693,1.5260219,1.6650032
7,Djibouti,Africa,0.4700004,0.4010001,0.5859996,0.9349999,0.5369986,0.378001,0.3380001,0.1590007,0.1780002,0.1290002,0.1983254,0.8326694,2.9860094,4.749476,2.8626654,27.6063346,12.3795186,21.257476,13.8133494,16.8204906,10.462316,8.9163254,3.6800186,26.48984,21.2700003,32.1950003,26.4579998,45.5185222,36.5913452,17.9336993
8,Egypt,Africa,85.5720028,107.912,133.2790004,107.7110025,92.0640022,125.3240004,150.2049999,213.6490037,116.165,140.6510048,95.1470001,79.0916637,111.5069977,107.6407382,117.6786748,125.683979,115.9863201,151.0076633,386.1197896,323.4900494,297.2686877,438.9053114,694.8260458,1035.8018493,592.9793877,725.5055981,918.1675016,565.8042338,700.1057189,1395.4869658
9,Eswatini,Africa,5.0000004,5.0000004,13.0540024,16.4679998,5.1499999,3.002999,2.2859993,7.0260013,9.8530024,8.9070001,22.6519986,10.7307664,19.31565,59.2809225,18.3679981,17.3955468,10.4350522,19.2658162,22.2548016,22.2548016,22.2548016,7.3914856,7.3914856,25.6229854,8.9239994,15.8779998,12.2789996,7.0034209,8.0610581,5.6094916
10,Gambia,Africa,0.3,0.3,0.3,0.3,0.3,0.2000004,0.2000004,0.2000004,0.0999996,0.0999996,0.083485,0.1719773,0.9305743,2.5936706,1.8374345,3.8375074,4.0790407,6.0203359,5.9284144,3.9762202,2.8095082,9.2515251,11.1633996,13.0704491,5.8415362,10.0000004,8.0367055,4.5787555,35.4586046,7.0417395
11,Guinea-Bissau,Africa,0.0410013,0.0750019,0.1800022,0.1269997,0.1110012,0.4469508,0.1930008,0.1959993,0.433316,0.65,0.433316,0.194,0.39,0.433316,0.01666,0.476684,0.53666,0.363344,0.79666,0.900024,0.94334,1.030024,1.43,1.04,1.3970001,2.1150006,1.7789999,6.5611642,7.327442,3.1729771
12,Lesotho,Africa,8.0,7.0,11.0,21.66666,20.0000004,9.9999996,3.5,3.66666,4.16666,3.33334,2.5,2.0,1.66666,4.8880862,3.2076325,0.83334,0.65,0.83334,0.7934249,1.9617669,2.7007059,5.2117169,5.5678197,1.1439986,4.4099996,3.8769996,3.8249989,11.1379093,6.8045793,4.3700244
13,Libya,Africa,118.6329996,128.7889997,132.0850012,98.537,44.2799992,57.7509988,22.3230002,11.5340014,40.7929968,77.9969981,19.6220002,46.5419957,63.5100002,21.7620002,67.552214,41.9972518,37.4587062,36.0265435,65.9860932,71.9264326,162.841666,62.7483255,190.8333165,234.9701421,196.504001,213.6890013,175.4740012,212.0770615,281.2451226,200.68255
14,Mali,Africa,14.3075095,13.8616746,14.591684,15.761684,15.761684,16.1583586,12.1869574,13.4479885,18.6993643,13.0070159,19.0609789,20.5833878,29.8810848,41.3291298,18.0759079,18.0187718,14.7154403,33.6147791,30.9808076,32.1023347,67.9089443,50.4496897,23.9993607,29.8868254,23.7549967,47.01,55.2863334,48.7988832,86.9439589,42.2867143
15,Mauritania,Africa,0.1729987,0.4700053,0.6169979,0.560003,0.6420021,0.0052162,0.062594,0.2890602,3.3498743,0.101625,0.3907265,10.1725096,8.98708,9.4138642,12.5299158,11.8162333,4.3856735,2.00715,4.0362566,5.3897107,4.1525067,5.134612,5.1540221,9.8592533,6.656026,12.0000002,13.2167197,15.647649,100.2990423,35.1965309
16,Mauritius,Africa,0.9159998,0.7900004,0.8840028,1.5480002,1.779999,1.4460026,1.369002,1.6560041,2.440004,3.1700021,5.6909997,3.2019986,10.1829988,14.178998,6.1348767,7.0114932,7.6778346,7.0219477,6.7728293,9.8282127,6.499312,13.0093879,12.2137409,17.7372211,13.9409747,10.9890533,17.2504889,27.7301155,28.4149365,26.768193
17,Morocco,Africa,359.5060014,334.7379942,384.3160013,343.3469964,365.2859953,334.9830002,376.8760029,451.9109993,459.9870037,444.028005,586.4619995,566.0939965,628.5450019,556.4790012,508.6839093,493.5176264,557.0054583,601.9045545,542.9736537,670.2064396,581.9642561,573.1326957,738.4941622,720.8230681,629.9227117,662.1212065,680.1534944,705.8394551,916.5268869,874.6290975
18,Mozambique,Africa,0.1983254,0.595,0.1983254,0.1983254,0.3966746,0.595,0.7933254,1.3883493,1.1900001,2.1816747,5.206481,0.498024,0.8897312,0.285606,1.6584592,1.9234162,2.0873797,4.0405804,6.0279076,3.887009,3.5145494,5.6846022,2.6667309,7.0563602,10.8374874,8.3002586,12.9315438,16.4774833,7.3447734,11.6386369
19,Namibia,Africa,0.0,0.595,0.595,0.1983254,0.1983254,0.7933254,1.8250146,38.6838497,29.1457136,18.858171,21.241124,17.0362377,15.5067226,20.3797705,41.4146673,35.5927974,36.1817082,21.7719608,22.145683,57.7275557,50.2757047,47.0375488,25.6590707,30.5806803,38.0632079,52.5767633,30.2267725,43.262086,23.707675,25.9885054
20,Niger,Africa,2.2880018,1.0920068,0.7930012,8.9130004,6.0060009,8.6130023,5.4870039,10.2000059,11.1220061,7.1060046,9.4089984,10.5099987,17.4699977,9.6129983,12.9899983,11.3938797,20.9297467,28.9962478,25.7182527,27.6531957,13.2312332,18.9500567,17.8781708,23.7181574,24.0206232,24.9178272,11.7329709,11.3296165,9.1761418,17.187192
21,Sao Tome and Principe,Africa,0.0,0.0019992,0.0050006,0.0189995,0.0100015,0.0070001,0.0380001,0.0150016,0.0100017,0.0419995,0.0,0.002,0.039,0.094,0.003,0.0208772,0.1185867,0.0547105,0.033906,0.2527103,0.0011267,0.0394093,0.1633621,0.2513923,0.2380504,0.1042076,0.1736349,0.2485029,0.1490377,0.2579103
22,Senegal,Africa,63.1690032,53.4719995,54.8610057,34.446004,10.1100012,20.194948,11.1859983,26.7929479,33.1244484,35.9620902,33.7099962,39.2399935,41.2110295,56.9010084,35.3728556,45.7385849,49.7586819,43.5735839,39.6233382,53.6773264,33.1993245,43.4868303,40.9759121,49.6665772,57.752868,83.5065832,156.6753981,161.2159081,152.5273216,125.1968682
23,Seychelles,Africa,0.4190006,0.3169989,0.6989996,0.7650014,0.8330042,0.8930014,0.7490043,1.0670015,0.4969151,0.6976436,1.0063016,0.3738272,0.7041984,0.5404871,0.8052186,0.6761881,0.8189851,1.203681,9.9895232,9.2768761,12.7900443,1.9931841,0.920073,1.3931274,2.0348398,4.3670509,3.7957829,3.8912651,3.7262184,3.9925015
24,Somalia,Africa,8.0000004,0.0310003,0.2709993,0.1449984,0.0519996,0.2800006,0.0,0.0090012,0.0,0.444,0.346684,0.13,1.650024,0.88334,1.143316,4.193316,1.79466,1.406684,2.043344,0.16666,0.106,0.52,1.5629998,1.8780003,0.2030002,1.9660001,1.1590007,0.8214599,1.7503353,4.3847214
25,South Africa,Africa,286.4969987,281.8810006,337.6010044,402.9320041,344.6450075,324.1200035,327.9540001,322.9799995,351.4170243,333.8993778,412.7790371,337.2435532,370.3885441,401.5167279,436.2821243,476.8123229,567.4206901,464.5219726,573.6617411,417.1721186,592.9583555,573.2804218,541.8007371,545.5467638,634.7748902,693.3236144,644.2220819,711.673386,755.8648746,782.7657109
26,Sudan,Africa,55.5010008,130.3019974,103.3329996,69.7670004,71.967,80.3330004,106.617,100.3473587,135.7161524,160.590493,128.5101334,177.7820301,223.6432157,118.6486746,390.484184,399.0986746,362.6496746,500.5225146,579.4941696,564.58834,659.5048031,572.4147001,411.8312282,796.25616,689.7969919,593.8861392,641.3459995,305.275001,704.9268,753.247518
27,Afghanistan,Asia & Oceania,0.2499996,0.2499996,0.2499996,0.2499996,0.2499996,0.2499996,0.866684,2.899976,0.9999996,1.5,2.93334,3.4299906,0.9649814,4.246684,1.126684,2.59,2.009976,3.39666,9.679976,5.706,9.6649971,1.04,4.636684,3.033316,7.7919918,11.5390005,10.681,34.3572819,38.5563674,8.1580436
28,Armenia,Asia & Oceania,0.0,0.0,2.4999996,2.4999996,2.599999,30.6370019,54.2140017,58.7520024,104.3300021,115.9420054,135.7949997,181.5020001,183.4400015,178.8479989,210.5949992,197.6256915,170.9273024,187.7949226,212.0772741,183.8026014,201.3966156,191.4882414,187.8899103,206.6583741,194.1012931,201.3690494,206.6119357,206.5152699,204.603738,229.9700991
29,Australia,Asia & Oceania,745.9059995,788.9779996,850.7320001,802.0130014,843.7929991,808.0929881,844.5679992,898.5679877,928.5739792,976.6139893,921.4200017,898.3439752,1120.5949487,1003.7899743,1004.1940916,1199.5009841,1173.9690607,1197.3464259,1278.6681844,1362.3637139,1513.5354014,1563.9682896,1766.088206,1667.1515212,1680.8754578,1919.6557339,1881.3637721,2078.0502466,2070.8710176,2178.0385863
30,Azerbaijan,Asia & Oceania,0.0,0.0,2.0000004,2.0000004,4.3710005,0.7250017,1.3260014,0.7590013,0.1340001,1.5420008,1.1500015,1.9390023,1.4450008,2.1779981,9.9010005,19.46045,1.6261258,2.7114799,3.892293,4.0621008,6.3510467,8.4845217,12.4942637,12.3642303,10.7697521,13.3264084,16.2562934,19.4676193,31.4941926,34.679517
31,Bahrain,Asia & Oceania,7.2100068,8.2570025,10.5720084,7.7270021,4.7650063,6.1920013,5.1050023,5.0040015,6.8750008,5.6910066,5.86,6.8784697,5.8738673,7.4032613,10.6750872,12.3289575,12.7037009,15.5081521,12.8284999,9.1536517,9.5845184,12.0258288,8.6230562,15.3725627,31.2470537,21.7565016,20.921933,27.1193671,32.862696,55.9800637
32,Bangladesh,Asia & Oceania,0.0380006,0.1329994,0.2680013,1.3229994,0.572004,4.2860034,1.2790047,1.3359999,9.9989992,2.7449997,3.1139997,10.933316,4.1254826,5.9410129,6.594515,5.1120944,6.2250883,9.3461156,10.9306834,6.8264686,6.7364699,12.4821253,9.1833535,9.0907308,16.0470003,18.9310604,23.2039996,90.8987785,116.3739136,54.2803398
33,Brunei Darussalam,Asia & Oceania,8.4280024,10.1330113,7.9350091,10.5390118,8.6600081,16.0530087,20.0140021,29.0280045,19.5920108,12.2280061,18.1579979,14.4029984,21.8079968,24.2609965,20.8623355,21.1489646,25.775535,37.9814418,30.6011367,33.5738883,37.242622,45.9174937,46.6496492,47.0943336,45.8345253,59.1838417,57.4140309,44.5887843,61.9567153,51.809999
34,Cambodia,Asia & Oceania,0.0,0.0,0.433316,0.433316,6.800024,3.9,1.404,1.203316,0.989976,2.250024,1.4605527,0.757486,0.6871811,1.3312804,1.7155476,3.4321722,3.3969142,1.6555673,2.1994047,2.0287289,4.9886959,47.3170908,95.1522589,58.1938787,24.908017,23.5922185,35.9715704,98.4787663,117.7413235,67.8592986
35,"China, People's Republic of China (Mainland)",Asia & Oceania,27.5430032,46.0940072,69.0490083,34.1010057,15.0480004,34.026002,209.1500099,29.42001,83.8740096,83.2562008,94.7124108,162.2352467,198.7109745,242.2801522,253.9765506,286.5214895,357.4693854,365.7031157,400.8794382,419.4200298,572.5244994,808.673825,1087.9947077,931.5291735,1262.3356983,1188.3166999,1707.6402266,2145.9568149,1456.253396,1465.701557
36,"China, People's Republic of Hong Kong",Asia & Oceania,131.2319902,178.4679848,217.5199792,183.3039846,204.2909791,112.9849934,146.880992,167.2509903,141.8609944,150.0219875,140.7789918,124.9789952,104.8319936,105.9899968,127.7707582,120.983915,129.6185355,146.4205443,172.8174747,179.8122051,191.0141473,223.9419468,283.3185633,273.1833857,249.1806142,298.0732532,346.2415315,402.8850727,721.1819816,617.900105
37,"China, People's Republic of Macao",Asia & Oceania,29.6090076,24.4500011,16.4059996,9.9000064,9.9060045,7.0420094,9.3719989,8.146007,6.3339979,4.4979946,3.1309997,9.7739978,9.6480012,11.5839999,14.7929975,17.7655981,18.0764749,22.3825202,17.9676294,18.5842382,19.9692155,33.3793952,25.9737369,29.5421909,28.3742255,31.238155,33.3242577,36.5207166,48.4424693,40.3046225
38,Cook Islands,Asia & Oceania,0.0,0.0593292,0.0757412,0.0523278,0.008856,0.0224332,0.0159282,0.0074102,0.066594,0.0402982,0.0340762,0.0172401,0.05291,0.0540862,0.072848,0.1116872,0.1482796,0.1294947,0.4511622,0.0511658,0.1088063,0.0500318,0.0504778,0.6223163,0.5948117,1.1857203,0.556,2.0458136,0.7890393,0.7090721
39,Democratic People's Republic of Korea,Asia & Oceania,0.1420014,0.2880014,0.2340024,1.5468057,0.6350016,1.7610014,0.7859998,0.18,0.4259637,0.7958076,24.5699998,29.466999,26.7009989,7.9340009,26.5510002,20.4040001,9.0990002,25.8109763,2.9410068,4.2699969,15.6319988,20.3069936,7.0129944,15.3269996,44.3959997,46.8019999,19.7889998,26.741853,40.8387701,26.6828457
40,Fiji,Asia & Oceania,1.5979998,1.4639986,1.5760006,2.6429984,1.9460014,4.308002,3.0960023,2.1389988,2.0300004,2.8379997,2.3609998,8.3439991,11.211999,2.6824397,3.6110215,6.6598783,1.8720631,2.0228181,0.951361,1.8513991,1.969517,1.423561,1.2950114,1.8721399,1.830181,1.9506104,2.3428413,3.515915,3.4384324,9.2336651
41,Iran (Islamic Republic of),Asia & Oceania,3.5480004,5.1080018,2.3149989,5.4289995,0.9179993,0.1970015,0.0100003,0.4539998,2.1100002,2.0599994,2.526184,7.4090239,4.1322402,12.8364773,32.5295707,43.1299243,61.068024,35.8209854,69.8070243,66.5561371,145.6231678,137.2181168,155.930963,107.6859593,81.673135,101.62962,161.4758195,208.1668458,245.0731162,445.3836828
42,Iraq,Asia & Oceania,8.3330004,0.1940016,0.0,0.3,0.3,0.7580002,1.3459975,2.3460017,0.468,3.346998,1.4479998,9.4410003,4.9069999,7.1329998,10.0730007,9.119976,6.126684,17.109976,23.763316,14.00334,10.580024,19.923344,22.3189998,52.9729993,36.5210007,33.3800004,53.0179985,176.3456153,223.6573384,56.2197434
43,Israel,Asia & Oceania,272.7,340.5669946,453.3539906,468.9789837,478.5099863,449.9669884,461.0079862,462.4589848,522.8549808,451.9849895,357.0349954,429.9839884,394.3829916,431.3769927,460.6055261,504.9669071,593.128225899999,586.7898406,592.9327629,513.5984047,657.4941951,647.7939425,661.7517365,639.1097018,591.7674258,620.4026644,598.800078,718.9867292,733.8568128,856.1828274
44,Jordan,Asia & Oceania,50.8230041,63.7659956,106.0810019,47.1430086,46.9930034,78.0450094,81.2460006,94.7769992,128.2320059,118.7410041,174.1630003,158.6319984,204.4679992,161.974999,222.129998,159.3983257,189.1174182,232.2536354,256.9366024,336.0866132,356.384761,326.4535222,405.2043357,550.3120859,565.7365248,563.6722713,635.540541,672.9434684,816.3339712,695.2855617
45,Kazakhstan,Asia & Oceania,0.0,0.0,0.649999,4.3329998,9.100001,10.975004,3.0070006,2.7650009,21.200009,10.456008,18.5999996,33.1079967,34.9231793,56.8742154,66.2816005,66.0270694,111.7265618,163.7167837,150.86668,184.361614,158.2665532,132.756217,132.0485634,137.7654187,130.9139092,127.6775733,144.9473089,182.4787292,206.2096921,240.537574
46,Kiribati,Asia & Oceania,0.1289988,0.1983254,0.1280004,0.1983254,0.1983254,0.1983254,0.3649854,0.1983254,0.1983254,0.5316654,0.6983254,0.1983254,3.0878937,0.5943779,0.3604689,0.1587405,0.5115955,0.0366925,0.3562961,0.147229,0.134799,0.2199777,0.1210609,0.22985,0.8040002,0.367,0.5014184,2.008621,2.4822379,1.0105306
47,Kuwait,Asia & Oceania,20.6970007,18.549001,44.8670032,33.6230011,32.9030009,40.3770029,45.6200003,38.0890021,51.0719998,55.986,52.0489993,77.4299974,87.0239973,72.5089963,73.0982624,89.7268015,59.9897603,61.7688606,74.7608985,72.2391677,72.0465689,82.8967655,101.1846415,95.8310862,155.5549707,164.4536932,221.8456764,209.0735033,261.9749534,264.8502474
48,Kyrgyzstan,Asia & Oceania,0.0,0.0,2.0000004,0.6159996,0.294,0.1869996,0.06666,1.6,5.4531508,1.79584,0.1165508,0.0251646,0.6937594,3.2778906,4.8005174,5.62165,7.4861161,7.2942594,7.97981,13.6886562,16.6140352,21.4570496,18.8813609,16.8372849,19.8373474,21.4406168,39.7901883,21.9843804,18.8445235,28.0616032
49,Lebanon,Asia & Oceania,166.6670004,266.667,350.0000004,249.9999996,216.6669996,300.0,300.0,255.2699999,305.9840711,282.7671768,275.0188784,424.5299087,322.6151868,314.9251935,414.6059839,356.5666684,315.6319448,435.5307017,397.1339507,421.9561824,460.8656772,432.3957766,451.2130596,647.2350693,612.2954932,645.9624451,638.8880164,620.2979492,648.6958571,623.1123472
50,Malaysia,Asia & Oceania,178.9350063,201.0790008,214.1550008,211.7000013,231.1640038,313.9350118,407.2170132,415.8820052,304.5390081,393.12601,510.3249853,630.3059704,667.8049698,546.4059719,761.2809523,508.9852407,767.8660205,970.0354201,1014.1415653,868.0447201,1243.5685748,1586.6644248,1742.0145929,1957.4729604,1822.5840495,1843.9702994,1948.433798,2044.3377961,2323.9918716,2418.935069
51,Marshall Islands,Asia & Oceania,0.0,0.0,0.0,0.0,0.0,0.0,0.0,0.0,0.0,0.0,0.0,0.0,0.0,0.0,0.0,0.0,0.0,0.0,0.0,0.0,0.0,0.0,0.0,0.0,0.0,0.0,0.0,0.0,0.0,0.6015672
52,Micronesia (Federated States of),Asia & Oceania,0.0,0.0,0.0,0.0,0.0,1.171,0.0540001,1.300982,0.2310004,1.1689995,1.2443233,3.16295,3.6454633,3.028743,3.3192219,2.9291953,3.605941,3.7687635,6.3455663,8.7781628,4.0112248,3.8344505,4.726286,6.3988222,4.559615,4.9790723,3.6880514,2.0011378,3.3478596,1.3480678
53,Mongolia,Asia & Oceania,0.2889994,0.0,0.1710012,0.0600019,0.9010005,0.8740006,2.284351,1.4308474,3.0887698,1.4908879,1.3345723,4.8168734,14.3379999,5.0644098,9.3899196,10.8370804,12.1700221,7.9341428,10.0129964,8.7809938,11.2910001,15.8169995,14.2229999,21.9694058,24.1566389,25.9630728,27.0377267,31.7782774,32.5578803,35.6891233
54,Myanmar,Asia & Oceania,0.0149997,0.1639996,1.0870008,0.0299988,1.2850017,2.1350011,0.8769974,0.054001,0.0260002,0.0220022,0.0220001,57.208494,54.9139997,61.624,81.6569998,63.9279997,82.8139834,109.2569934,158.8459944,194.7139995,314.8759919,257.3459948,352.524,188.9639999,202.2360006,209.8250001,172.3469995,390.5232221,362.2029183,308.3856131
55,New Zealand,Asia & Oceania,134.0079984,127.1249967,135.163997,150.2879962,147.4769983,149.4689949,156.5559969,162.9329998,190.3179975,170.6849912,189.5969898,196.918413,204.920712,221.8454283,236.3993919,243.4937693,259.732059,258.8731255,262.2593692,281.8758584,280.26413,271.370237,285.6371506,323.2819166,328.7562877,358.8342787,348.2699157,376.429675,405.0494458,501.609091
56,Oman,Asia & Oceania,35.6480023,52.260008,59.2850041,34.4100069,39.7990011,55.06,41.2490014,46.2990026,57.2120025,56.2890042,74.9879996,59.9949982,45.0710013,64.0719962,59.9933832,57.8175424,54.650097,61.3777889,67.0250602,69.3625763,55.4961341,74.1054805,88.1980294,114.5480175,114.5097708,102.3940551,99.4056663,69.0450393,165.9373586,84.4089848
57,Pakistan,Asia & Oceania,3.3219991,1.6520042,5.1760019,1.2359992,1.020004,4.1510008,5.2920014,1.3860021,0.5100007,1.5379989,2.079001,3.0579992,1.6569998,5.9499993,8.5266429,7.5865548,8.4164003,8.0083045,10.8121418,9.8740245,9.5715219,7.5003378,4.7148783,17.3820817,18.3133107,12.616161,12.1362136,26.3414504,22.9312052,23.4825562
58,Qatar,Asia & Oceania,5.1780037,10.5820021,10.6650049,4.7230073,6.7310031,16.1510007,13.2840001,12.1169969,10.6440017,21.2300082,15.2089992,19.0190005,20.1030002,23.6949965,20.8059972,31.6966009,23.2808086,32.4295765,45.01359,53.8454563,58.1905369,42.2639222,49.4475034,46.45958,43.691421,55.3322152,75.0349254,94.8255753,64.9607271,183.1250309
59,Republic of Korea,Asia & Oceania,895.734003,864.9250083,1003.5510034,1079.2760002,1184.8769959,1102.7720035,996.9010099,1178.6550004,1071.1550035,1138.3650044,1316.3879955,1330.8119894,1412.3279931,1402.654979,1500.8745843,1536.8234773,1572.2806677,1586.7974597,1845.3671252,1798.7495919,2010.6834863,2345.7895082,2106.4805445,2141.1030221,2418.9411004,2518.0944521,2779.7937569,2893.4107421,2898.6494075,3133.6975161
60,Samoa,Asia & Oceania,1.0400021,0.3924906,0.4721654,0.6864854,0.102816,0.0793254,0.6330146,0.043316,0.1163306,0.13,0.0798014,0.0798014,0.0325684,0.1190639,0.2003162,0.2828147,0.3929187,0.2509304,3.0991277,2.6446322,4.6870857,4.4605807,7.2759786,9.3470397,11.7624947,14.0637682,16.4965555,14.2362539,5.3537852,3.4729846
61,Saudi Arabia,Asia & Oceania,275.0530106,343.1240019,231.8720041,144.2319991,106.9359991,290.5890066,281.1200026,214.7260014,343.9040019,364.853011,412.7469918,389.2269926,453.6550337,474.2000545,566.1332346,596.2629834,643.8410556,757.9642589,830.5495005,853.9446673,955.3363342,1029.5841677,1214.9317682,1331.6378767,1383.3098104,1683.8637298,1370.9570355,1532.2255945,1245.8386825,1284.3696776
62,Singapore,Asia & Oceania,1214.4419992,1099.4719995,1552.2749988,1614.5749997,1770.2169984,1041.0610001,862.1190006,1100.1969998,697.9910021,869.6700021,944.1509265,1051.8829042,1118.7869029,990.6199017,1392.8464373,1263.503752,1014.7499033,879.4380146,767.0174721,581.9529586,624.4769845,643.5004275,760.6733491,680.6412463,766.5899028,873.6320706,681.3965002,699.4418602,807.4428442,894.6251517
63,Solomon Islands,Asia & Oceania,0.3400008,0.2779995,0.16666,0.16666,0.16666,0.16666,0.16666,2.41666,2.1,2.1,2.1,0.4644811,0.635663,0.2774474,2.6080217,4.1405225,7.5830169,10.7728238,10.5119651,9.9611496,10.0540707,4.5445747,9.6939135,1.5846506,6.8165476,10.3458851,3.1001209,2.2832153,1.1035482,0.9296127
64,Syrian Arab Republic,Asia & Oceania,26.25,166.0760004,180.8340005,228.9680035,185.3840004,200.0400011,218.5669981,209.490007,268.2409994,276.7880018,221.3109974,640.7909971,450.1275264,207.9533303,343.8395303,407.6425241,266.2483107,593.792104,346.6652842,725.106656,501.4801006,604.7291642,477.9028163,436.7773015,463.3269997,423.1579997,402.9339821,459.9624615,459.9624615,515.7988007
65,Taiwan,Asia & Oceania,146.0630029,183.8690002,173.4719962,156.7210035,212.8770111,166.4309969,209.5160051,253.9440112,268.2190023,318.0869979,402.1509605,442.7189577,478.3459538,490.8649539,360.5026733,324.5793719,295.276071,358.0800304,319.0676739,359.9623837,453.2204576,469.7925627,475.8954741,557.0933414,583.185916,667.2607233,697.8077176,850.9462298,789.3315937,833.7757069
66,Tajikistan,Asia & Oceania,0.0,0.0,0.0,0.0,0.0,0.0,0.0,0.0,0.0,0.0,0.0,0.0,0.0,0.0,0.0,0.0,0.0,0.0,0.0,0.0,0.0,0.0,0.0,0.0,0.0,0.0,0.0,0.0,0.0,34.3768044
67,Tonga,Asia & Oceania,0.1449986,0.2500008,0.2220031,0.3019987,0.4160021,0.1950014,0.428004,0.2310031,0.3210007,0.3650023,0.8373201,1.1060033,0.7848867,0.6532667,0.34653,0.7230967,1.0742634,3.39522,1.4555785,2.0204347,1.6737619,1.8065101,1.7719819,2.0861695,0.9713961,1.2938417,1.3000003,0.5175995,1.2484364,0.1035189
68,Turkey,Asia & Oceania,140.3720053,164.5920074,171.2720018,219.6220065,142.3920007,201.0129989,251.8499992,252.9830082,295.810002,268.0270088,291.637228,294.2774068,363.1524838,372.2426204,410.7363724,472.4334929,509.3537453,530.0058494,499.6559027,533.6328655,625.3691978,656.4602891,723.3500264,841.9745974,986.6850222,1248.7465027,1191.7380297,1474.3137352,1463.9643317,1862.997661
69,United Arab Emirates,Asia & Oceania,79.2689997,93.7570008,116.5480052,102.9150027,93.7030149,114.9690083,137.796001,124.8539961,174.6530117,91.7815708,189.2080209,246.8270044,241.2720036,224.7929833,299.017004,356.7207402,317.6859632,324.1408718,319.9347069,345.3927122,296.1447724,349.9362792,369.3907937,468.3111231,463.1254485,530.4295334,605.800158,845.0375911,1118.3208296,1351.8722807
70,Uzbekistan,Asia & Oceania,0.0,0.0,0.0,0.0,0.0,0.0,0.0,0.0,0.0,0.0,0.0,0.0,0.0,0.0,0.0,0.0,0.0,0.0,0.0,0.0,0.0,0.0,0.0,0.0,0.0,0.0,0.0,0.0,74.8225049,119.6268348
71,Vanuatu,Asia & Oceania,0.4109974,0.2690028,0.5780011,0.3520033,0.4540018,0.3179994,0.4170006,0.5297723,0.2105663,0.2914403,0.9195149,0.3942921,0.4189446,1.9189997,0.3579997,0.9888965,0.385505,1.3357493,1.2717905,0.8057419,1.5675066,1.5580063,0.9411812,1.7783001,1.5795318,1.483089,1.6149998,3.6366779,6.1244106,2.1797359
72,Anguilla,Caribbean,0.0090012,0.055,0.0789998,0.3300008,0.3000014,0.0370021,0.0320008,0.3490029,0.8410018,0.6690039,0.762,0.7630003,0.8760008,0.7402383,0.6935625,0.4698862,0.5298489,0.4106894,0.6143534,0.9165362,0.9814305,0.3898159,0.5063893,0.3997576,0.4936758,0.3188874,0.3153069,0.214686,0.3591065,0.3544714
73,Antigua and Barbuda,Caribbean,0.7180094,0.601999,0.303316,0.2614906,0.3209906,0.3319906,0.1065094,1.1031414,0.1696746,0.1858586,1.0188692,1.0879299,0.4531414,0.693316,0.552316,1.1046409,1.1386682,1.3795776,1.3360094,1.7144474,1.9495387,3.4425651,3.4589197,2.1653433,2.0899134,2.8325268,1.8624032,4.4917957,4.4451539,5.2819523
74,Aruba,Caribbean,16.2219997,4.9940003,1.5448254,5.3028306,7.3861654,7.0549815,5.3215095,5.1691695,5.1708161,15.3416415,11.5339993,13.1089979,10.9849986,11.893604,10.084952,10.57356,11.752508,11.184032,8.568184,3.4550839,1.8211407,1.6374038,1.866954,1.7006093,3.6833851,5.0915829,3.3206767,4.6607203,7.9420605,7.7966605
75,Bahamas,Caribbean,8.3570038,8.5040004,7.5600014,8.2460055,15.6170023,13.3050003,11.8170003,9.4779986,6.189525,6.2467401,13.1992638,14.9059338,12.2895821,17.3906436,15.785765,12.8917129,12.1437725,11.6578403,17.8248717,13.7393238,14.4505987,10.3116042,14.9316137,13.762764,12.8283962,17.0471122,12.9989614,10.6603349,6.6504333,7.8233712
76,Barbados,Caribbean,3.5100049,3.4340037,3.257,2.5710025,3.8959999,4.9879989,6.783996,5.8780004,8.569005,6.8590038,6.940999,7.8920004,10.1209981,9.0789999,10.8839977,4.9659644,4.7113881,4.360269,4.5127885,5.1670238,4.7824164,4.1753202,4.651882,4.6468185,4.7742113,5.9005507,4.7328642,5.2352754,7.3534519,5.5650599
77,British Virgin Islands,Caribbean,0.0409999,0.0210026,0.0,0.0300021,0.0019992,0.0120007,0.0480013,0.0410011,1.9630034,0.0170023,1.0349998,0.9340083,0.0,0.0079928,0.0219952,0.0149742,0.0180087,0.3800004,0.006,0.53898,2.7499939,0.2329943,0.2750004,0.0970001,0.2899997,0.3470001,0.2449995,0.2770018,0.1870017,0.1539676
78,Cayman Islands,Caribbean,0.2550006,0.4780003,0.3850012,0.2560014,0.2540003,0.3740015,0.2670011,0.2980002,1.9260006,0.2320007,0.306,0.2720008,0.571,2.0230002,0.39,0.173316,0.303316,0.173316,0.65,0.866684,1.95,1.95,1.776684,1.776684,3.3720003,3.2189999,4.2050008,13.1039528,11.7420295,4.6399674
79,Dominica,Caribbean,0.0009996,0.5090016,0.4950036,0.2830027,0.6230062,0.1760011,2.988004,1.0660017,0.6900037,0.4900027,1.5339998,0.6199999,1.1019995,1.7480002,1.8379993,0.7427143,0.2499892,0.3018747,0.3367945,0.4373604,0.4445426,0.3959083,0.3181478,0.3342108,5.7801862,0.744,0.2259998,0.5927664,0.4849452,0.5067759
80,Grenada,Caribbean,0.6450029,0.4189986,0.2910025,0.486001,0.4880025,0.3830006,0.8640009,0.3329999,0.6160014,0.5160002,0.6593172,0.7453156,0.7646844,0.8463164,0.5644812,0.6331807,0.683512,0.5442054,1.0262524,0.5985918,0.9753243,1.0593107,1.0482544,1.0999763,1.351744,1.1452172,1.1844048,0.2189119,0.2265993,0.3254188
81,Montserrat,Caribbean,0.063002,0.0989988,0.0969996,0.1130005,0.0990021,0.0999996,0.0500004,0.0,0.0,0.1340036,0.051,0.0459996,0.063,0.0369996,0.0529992,0.038703,0.0550953,0.0330538,0.0328429,0.0303125,0.0298417,0.0653125,0.0747972,0.0546035,0.0773206,0.0570502,0.0545554,0.0415119,0.031434,0.0097937
82,Netherlands Antilles (former),Caribbean,6.6800019,8.2540023,7.3470006,9.0700046,10.2899994,8.4690027,4.2940003,6.9989993,15.4939987,15.1260034,3.7329996,3.9999996,4.1000004,2.7570001,2.7429996,6.11668,10.08336,6.76666,8.2,8.9028252,6.2063441,0.0,0.0,0.0,0.0,0.0,0.0,0.0,0.0,11.3137122
83,Puerto Rico,Caribbean,8.8190035,25.5600008,14.1050011,14.9120012,19.9030035,6.7810013,16.4189997,10.8300032,98.8410024,168.0350052,134.0870039,72.0710014,112.7920021,78.7589997,100.2305515,114.4884101,54.7630884,51.5530057,105.2940612,158.084521,164.0530813,122.0709535,177.3299512,166.0466329,199.2391384,190.9500359,184.7263018,114.6697504,122.1669342,248.6298736
84,Saint Kitts and Nevis,Caribbean,0.433316,1.3,1.3,0.433316,0.433316,0.433316,0.433316,0.433316,0.3566187,0.1519854,0.2886299,0.3749789,0.3522142,0.502806,0.297383,0.1911612,0.2182407,0.214333,0.5373207,0.6602858,0.3869535,0.4367677,0.7464886,0.5135007,0.4938428,0.4999985,0.4999985,0.9806785,0.1359011,0.1950591
85,Saint Lucia,Caribbean,1.9660022,3.0570024,1.5299996,1.793,2.1440061,1.6300043,2.2800008,2.7740106,2.9650047,2.3730004,2.3709998,2.9969997,1.2934567,2.417987,3.4948735,2.3321575,1.8849007,2.260327,2.0357119,1.3734334,1.7974856,0.9653271,2.8371137,2.3121454,1.8364188,2.473368,2.149783,2.5249941,0.9454613,0.3944457
86,Saint Vincent & the Grenadines,Caribbean,0.0650011,0.3050067,0.763,0.6370011,0.3660013,0.6539985,0.5380039,0.6180013,0.942001,0.804,0.9359991,0.972,1.3149991,1.0909999,0.4981325,0.307278,0.3403977,0.5650007,0.6849798,0.3100591,0.3496033,0.2423852,0.3598081,0.4544871,0.6053665,0.5479068,0.7501355,0.3002997,0.5416407,0.0678946
87,Belize,Central America & Mexico,4.5220018,4.8620005,5.4190033,5.4840051,5.6110028,9.6040006,9.6170002,14.7899983,10.7270048,7.4480045,13.4989992,9.1529986,11.0559987,1.301,1.87,0.6485306,3.3790872,2.2738767,1.5938967,1.8134186,2.4098974,2.407705,3.9583947,5.9046682,8.5368528,14.0189421,14.2627251,15.8769769,22.9318212,25.6759918
88,Bermuda,Central America & Mexico,4.0580013,4.5609998,4.5830005,4.1340009,4.1170004,3.9666748,6.6333348,4.0500148,4.0500148,4.6333548,4.6333348,4.6333348,8.0098255,0.9789854,1.2764855,1.9404855,2.7933347,1.3645578,1.4862064,2.3157641,2.6715654,4.4968741,4.2255673,6.397855,9.6459836,8.2879724,4.5869767,4.7111635,4.8999536,4.5737126
89,Cura√ßao,Central America & Mexico,0.0,0.0,0.0,0.0,0.0,0.0,0.0,0.0,0.0,0.0,0.0,0.0,0.0,0.0,0.0,0.0,0.0,0.0,0.0,0.0,0.0,1.9095059,8.4676584,7.3765918,9.0242167,10.5706001,9.5340501,10.2329167,8.603262,3.2387492
90,Albania,Europe,28.4169996,9.2829996,33.333,59.685,67.8020004,31.302,11.2749999,1.6509995,6.2479993,42.1419991,71.3239986,77.2080012,71.4749998,76.1610011,68.863125,67.4799233,103.3422587,112.7210972,115.3485364,122.1666575,113.652596,116.8118927,123.3458348,131.378775,123.046159,143.4644625,154.179756,154.9068371,125.1426719,144.6857543
91,Belarus,Europe,0.0,0.0,5.4999991,9.9999996,30.0,64.2210044,28.2640014,79.7389971,14.0340029,12.1709999,26.5239968,28.3769975,32.2389974,64.2709964,92.7231093,163.2438156,210.8968642,257.6437595,290.904968,170.6071482,179.8581931,158.4058792,200.6514739,199.9302376,257.1181869,258.6168845,275.1394838,333.2529467,382.6707913,379.0884967
92,Bosnia and Herzegovina,Europe,0.0,0.0,36.6000011,42.7000013,18.8500005,16.450001,21.7860007,20.04,314.4820036,84.3650002,64.8039983,114.1589983,182.8989973,401.4747566,394.6882425,367.9234883,410.8004389,410.0797781,407.6622407,342.3373356,316.9790092,373.2707886,396.6710989,409.4135248,392.3815892,408.1742516,405.3512757,390.7684628,403.3309677,401.9280658
93,Georgia,Europe,0.0,0.0,0.0,0.0,0.0,0.0,0.0,0.0,44.6810092,50.0750078,42.8049991,34.9099981,34.3219975,42.1148521,80.9688852,86.0282153,81.3900587,127.6906793,92.268471,134.2457248,137.6933284,147.1034275,154.7945108,168.0476145,168.221578,183.538654,187.3023487,195.2928647,192.8313107,210.7216433
94,Gibraltar,Europe,2.5200031,2.4999996,0.9999996,0.9999996,0.6029999,0.6719996,1.6919996,0.8769999,0.8849991,0.1730003,0.4209996,0.1230004,2.4859997,1.0299995,0.91378,1.0373338,1.6499367,1.36162,0.9926167,1.2287973,0.7944703,1.8942146,0.2294233,1.1463167,0.0908448,1.5690782,0.4999996,3.0019594,2.9277712,3.0174707
95,Holy See,Europe,2.7470009,3.4550005,3.3569997,2.5120006,2.0859997,1.7160018,1.4009994,1.5910006,1.5100001,1.5289997,1.3560001,0.873,1.6099997,1.0820001,1.073,0.9320001,0.8029945,0.4959999,0.303,0.28,0.314,0.253,0.0999997,0.0999997,0.0999997,0.0999997,0.0999997,0.0023601,0.0,0.0
96,Iceland,Europe,37.6739997,41.9850067,42.9520085,43.1040023,38.8859989,39.5109964,42.2450045,38.1020032,44.0940068,40.6880022,43.5580008,39.9500027,43.2640021,43.5810024,44.5400009,48.6907917,44.6428701,47.7870572,44.0842441,47.2911679,44.8709134,42.0211058,44.7546934,46.3704558,46.7699987,50.1019302,53.7669111,51.8124386,51.1676121,53.5323139
97,Montenegro,Europe,0.0,0.0,0.0,0.0,0.0,0.0,0.0,0.0,0.0,0.0,0.0,0.0,0.0,0.0,0.0,0.0,184.4219277,150.3104695,144.6921443,206.2143197,218.9839913,146.7135536,74.9732784,82.8759445,65.2765109,65.2733866,59.4797565,58.7811535,58.9266421,145.0882351
98,North Macedonia,Europe,0.0,0.0,78.7580003,51.2620063,63.2880027,69.8450062,51.3920011,53.162001,77.0770019,62.4190011,36.6669987,90.1150011,107.9999997,126.4230651,130.5322374,135.9624765,132.2118306,144.501289,136.4016004,146.261304,133.4233391,135.3829597,148.0780089,156.0422923,145.352976,146.9269041,153.1092265,151.1208726,158.5295013,165.5314887
99,Republic of Moldova,Europe,0.0,0.0,5.4850008,0.8000004,0.8010014,1.6609988,2.8520041,5.2690029,4.4649959,2.569002,3.2479994,13.7779985,12.9799983,22.8959974,8.3149281,11.3264055,15.835838,25.0115265,27.0255414,27.7135068,34.6341126,38.5377849,39.9975573,39.3405016,44.7378182,40.1406038,51.4101861,51.8814696,61.2095926,66.739229
100,Serbia,Europe,0.0,0.0,482.7580043,0.0,0.0,0.0,179.7740006,307.4090017,466.8200045,451.2000051,644.1300013,672.4359983,747.3009982,772.8429998,859.9020841,653.1156035,613.1361182,619.835134,690.0643937,577.5527516,555.9935159,585.0792926,604.8609219,579.5109765,594.4677741,511.497486,610.9896947,575.5362322,549.7379033,616.5576421
101,Ukraine,Europe,0.0,0.0,23.4,13.866684,83.259976,185.190024,269.20666,170.653344,135.6896851,265.9600028,184.235317,232.756316,443.282262,650.7510258,744.2672641,1032.5306881,988.9466514,1084.621251,1828.960633,1541.0719743,1588.2468245,1371.7411358,1293.8305393,1402.8813149,1291.0764622,1155.125747,1183.6203586,1146.8406563,1337.7577636,1457.3485632
102,USSR,Europe,2099.1830105,1086.8170054,0.0,0.0,0.0,0.0,0.0,0.0,0.0,0.0,0.0,0.0,0.0,0.0,0.0,0.0,0.0,0.0,0.0,0.0,0.0,0.0,0.0,0.0,0.0,0.0,0.0,0.0,0.0,0.0
103,Yugoslavia SFR,Europe,1033.5070002,638.3750027,0.0,0.0,0.0,0.0,0.0,0.0,0.0,0.0,0.0,0.0,0.0,0.0,0.0,0.0,0.0,0.0,0.0,0.0,0.0,0.0,0.0,0.0,0.0,0.0,0.0,0.0,0.0,0.0
104,Canada,North America,2253.4780086,2356.1460111,2271.0120155,2488.9170172,2827.1299842,2509.8929919,2763.4559935,2863.8889892,3410.3409962,3315.1610043,3321.0669973,3376.9479831,3199.3249654,2984.9467903,3508.8544471,3588.623495,3809.0372084,3902.2417613,3805.3839936,3896.478076,4365.799131,4542.1087531,4443.5295621,4519.7334175,4981.0251193,4697.8655188,4872.7752199,5098.4638039,5113.9615003,5420.4019798
105,Argentina,South America,508.3609985,577.4639991,697.7609998,648.8519955,646.416004,630.2280026,711.5560079,743.1180005,642.5130046,650.0679955,629.2129932,640.7209797,529.0519864,631.9279825,586.1164147,596.008385,581.4124208,649.0674873,575.9269074,562.3189992,627.9828366,592.0061024,760.2645178,803.7134398,562.0923252,631.5170649,523.599001,627.3326881,598.6338354,634.5811595
106,Chile,South America,115.6400025,133.9580008,203.9300013,187.1550035,153.7269991,200.1260028,248.2250001,224.6120036,198.3100023,176.6170056,244.9359938,275.844994,239.1099965,256.7109966,257.2850525,266.5219846,267.6488385,285.9965182,315.3516661,232.2197748,384.1979427,305.4918464,263.8329079,320.0108647,346.7844137,348.1537561,351.8554965,376.4459135,392.1871108,471.2791563
107,Suriname,South America,1.9370001,7.0019999,2.9280037,3.7080012,3.4590034,8.0550023,7.6900016,10.143003,11.1769982,6.6520009,12.1329984,10.8169986,8.9079997,9.8401356,17.3123973,13.5001534,14.3289602,14.4321587,17.0478195,16.6537479,16.2051029,15.900255,15.4624465,18.5934197,18.4225372,16.1664942,15.436162,9.703499,13.5375482,9.714807
108,Uruguay,South America,42.2610009,30.1909979,45.5440012,32.3130007,39.978,38.922004,42.0590019,41.9780028,47.8290021,45.0900025,42.7119979,57.0769955,41.3259975,47.8491404,50.6237407,53.2159948,48.4316574,58.4523549,54.8531886,55.8186765,61.6932503,63.0861478,59.8158646,59.9831429,59.11335,59.9557955,55.1478911,56.3128352,56.8411743,56.6281008
109,Total,,12881.71227,12893.4768989,12068.5771341,12093.3213454,12780.7228773,11347.3457832,12534.4612747,13368.9782039,13363.1122351,15252.9131066,15568.8889406,16584.6301339,17604.600997,17294.9938889,19947.2848782,19970.4884527,20395.5550676,22020.419179,23483.3109822,23287.8271223,25572.6282589,26433.3514199,27999.4508787,29638.3739224,30041.9678511,31230.3302969,32374.4516463,34566.7016105,35922.4991162,38959.1175224999
110,Africa,Africa,2088.2558492,2875.7966795,2089.2880337,2633.8870162,2717.1546953,1919.6889833,2306.0216044,2700.4105638,1750.4980744,3553.1315235,3189.705304,2817.1337226,3452.5532074,3270.8150877,3913.2680978,3686.9767416,3682.459153,3976.5572206,4530.8234675,4442.8493911,4652.604738,4498.6755526,4972.6137521,5816.4319742,5243.2758629,5545.8986402,5878.6161449,5255.7286044,5867.7835717,6748.3632173
111,Asia & Oceania,Asia & Oceania,4611.3670444,5063.4901783,5995.9119109,5819.2169504,6015.4317124,5571.564789,5777.0733146,6042.1246319,6032.9477722,6263.639943,6813.4619319,7966.8266488,8278.3246908,7758.0091704,9035.7595778,9039.7376011,9099.1105253,10056.1893973,10250.4752763,10563.5931181,11930.6912055,13142.6779741,14174.8108626,14667.8260612,15438.4916929,16702.1918878,17296.4175905,19840.7222759,20355.6746578,21647.3633215
112,Caribbean,Caribbean,47.7843487,57.5910175,39.0571508,44.7246606,62.1224962,44.7292997,52.2423444,45.3696461,144.7336571,217.1812518,178.4560804,120.7901661,157.0780774,129.9869037,148.1320082,155.0443394,98.8760944,91.784185,151.6601704,196.7954683,202.9282953,147.3756685,210.1820041,195.3645335,236.9155991,231.1742366,217.2713915,157.9726798,163.2121531,293.0584239
113,Central America & Mexico,Central America & Mexico,8.5800031,9.4230003,10.0020038,9.618006,9.7280032,13.5706754,16.250335,18.8400131,14.7770196,12.0813593,18.132334,13.7863334,19.0658242,2.2799854,3.1464855,2.5890161,6.1724219,3.6384345,3.0801031,4.1291827,5.0814628,8.814085,16.6516204,19.679115,27.2070531,32.8775146,28.3837519,30.8210571,36.4350368,33.4884536
114,Europe,Europe,3204.048014,1782.4150145,713.1430134,224.9296941,305.5759795,410.5680322,609.8876713,678.4933499,1109.9857084,1013.2910202,1119.0723097,1304.6853121,1679.8582517,2202.6276963,2426.7866566,2568.2707417,2788.0777877,2982.0596612,3778.7083897,3316.9706877,3325.4442938,3117.215035,3082.2873406,3217.0379539,3128.6398977,2964.5293882,3134.94899699999,3113.1982536,3324.2325278,3644.2389028
115,North America,North America,2253.4780086,2356.1460111,2271.0120155,2488.9170172,2827.1299842,2509.8929919,2763.4559935,2863.8889892,3410.3409962,3315.1610043,3321.0669973,3376.9479831,3199.3249654,2984.9467903,3508.8544471,3588.623495,3809.0372084,3902.2417613,3805.3839936,3896.478076,4365.799131,4542.1087531,4443.5295621,4519.7334175,4981.0251193,4697.8655188,4872.7752199,5098.4638039,5113.9615003,5420.4019798
116,South America,South America,668.199002,748.6149977,950.163006,872.0280009,843.5800065,877.3310117,1009.5300115,1019.8510099,899.8290072,878.4270045,928.9939833,984.4599678,818.3959801,946.3282551,911.3376052,929.2465178,911.8218769,1007.9485191,963.1795816,867.0111984,1090.0791325,976.4843516,1099.3757368,1202.3008671,986.4126261,1055.7931107,946.0385506,1069.7949358,1061.1996687,1172.2032236
